track__energy,track__valence,track__tempo,track__speechiness,track__danceability,track__liveness,velocity,median_popularity,mean_popularity,std_popularity,trend,retrieval_frequency,current_popularity
0.73,0.33,171.005,0.059,0.53,0.0902,0.0,98.0,98.0,0.0,0,0,98
0.8,0.56,169.928,0.0996,0.53,0.33,0.0,95.0,95.0,0.0,0,0,95
0.507,0.438,104.978,0.0358,0.747,0.117,0.0,97.0,97.10185185185185,0.30245338835298285,0,0,97
0.904,0.788,167.033,0.0442,0.739,0.0948,0.0,85.0,85.36585365853658,0.4816687233690609,0,0,85
0.754,0.717,126.98,0.0327,0.741,0.125,0.0,86.0,86.375,0.4841229182759271,0,0,85
0.586,0.579,107.071,0.054,0.669,0.104,0.0,88.0,88.41025641025641,0.7915563610478528,0,0,87
0.592,0.535,157.969,0.0304,0.521,0.122,0.0,100.0,99.83333333333333,0.3726779962499649,0,0,100
0.91,0.786,112.966,0.0634,0.67,0.304,0.0,81.0,81.44827586206897,0.4973174173053778,0,0,81
0.582,0.785,116.712,0.0356,0.7,0.0881,-0.010638297872340425,94.0,94.05128205128206,0.2725678413521705,-1,0,93
0.667,0.618,130.019,0.0983,0.776,0.0761,0.0,86.0,85.87058823529412,1.0492376537178025,0,0,84
0.709,0.604,81.012,0.0273,0.722,0.0804,0.0,87.0,86.6,0.48989794855663554,0,0,86
0.76,0.69,103.969,0.0285,0.701,0.185,0.0,90.0,90.51282051282051,0.69325670946645,0,0,90
0.62,0.934,117.038,0.0412,0.741,0.0398,0.0,77.0,77.38181818181818,0.4858323351231778,0,0,77
0.855,0.731,127.986,0.0264,0.638,0.245,0.0,84.0,84.44827586206897,0.4973174173053778,0,0,84
0.583,0.544,181.489,0.0687,0.432,0.0933,0.0,87.0,87.04545454545455,0.20829889522526548,0,0,87
0.757,0.957,139.982,0.0421,0.742,0.305,0.0,89.0,88.87272727272727,0.3839765833080523,0,0,88
0.957,0.962,126.035,0.034,0.804,0.114,0.0,84.0,83.97087378640776,0.7562851298699204,0,0,83
0.699,0.927,138.003,0.0436,0.849,0.068,-0.025,43.0,43.305882352941175,2.454400750688994,-1,0,39
0.751,0.22,129.994,0.0502,0.701,0.15,0.0,83.0,83.0,0.0,0,0,83
0.601,0.332,123.994,0.0295,0.635,0.11,0.0,88.0,88.44067796610169,0.4964684242670105,0,0,88
0.406,0.338,115.94,0.033,0.53,0.133,0.0,90.0,89.82758620689656,0.377739694831149,0,0,90
0.646,0.295,115.842,0.0427,0.645,0.074,0.0,81.0,81.0,0.0,0,0,81
0.782,0.655,119.992,0.042,0.727,0.225,0.0,87.0,86.63636363636364,0.6138888369503319,0,0,86
0.854,0.314,140.515,0.275,0.477,0.065,-0.01098901098901099,92.0,91.68571428571428,0.5221619109284876,-1,0,90
0.743,0.128,161.877,0.0481,0.417,0.191,0.0,85.0,84.53125,0.4990224819584785,0,0,84
0.604,0.242,159.92,0.0337,0.561,0.104,0.0,89.0,89.0,0.0,0,0,89
0.671,0.738,114.902,0.0532,0.75,0.108,0.0,5.0,5.137931034482759,1.0739594139584439,0,0,4
0.4,0.945,124.987,0.0643,0.893,0.0632,0.0,86.0,86.4,0.4898979485566356,0,0,86
0.471,0.219,105.029,0.0603,0.472,0.14,0.0,86.0,85.5925925925926,0.49135182079339257,0,0,85
0.668,0.64,90.969,0.0282,0.646,0.212,-0.012195121951219513,82.0,82.18823529411765,0.4199192540605823,-1,0,81
0.619,0.337,177.937,0.0368,0.411,0.11,0.0,87.0,87.03125,0.7699178121721825,0,0,86
0.454,0.912,159.982,0.0584,0.689,0.0707,0.0,89.0,89.0,0.0,0,0,89
0.386,0.281,192.004,0.0308,0.504,0.0961,0.0,84.0,84.38181818181818,0.4858323351231778,0,0,84
0.472,0.214,101.061,0.0776,0.898,0.141,0.0,88.0,88.58620689655173,0.6704214515594338,0,0,88
0.518,0.37,126.089,0.0551,0.875,0.125,0.0,87.0,86.9375,0.8637671850678283,0,0,85
0.899,0.531,130.047,0.126,0.802,0.101,0.0,79.0,77.6,2.0170700108254613,1,0,79
0.714,0.554,129.976,0.0309,0.681,0.232,0.0,88.0,88.15625,0.8699631816921909,0,0,87
0.668,0.787,128.027,0.0469,0.924,0.0678,0.0,93.0,93.23636363636363,0.4248480525653791,0,0,93
0.488,0.253,84.999,0.038,0.525,0.135,0.0,85.0,85.2,0.4,0,0,85
0.557,0.211,84.989,0.101,0.582,0.121,0.0,86.0,86.0,0.0,0,0,86
0.946,0.747,151.647,0.0447,0.599,0.0826,0.0,84.0,84.40322580645162,0.49054536534663074,0,0,84
0.561,0.841,150.069,0.0411,0.669,0.0954,0.0,88.0,88.0,0.0,0,0,88
0.64,0.19,84.828,0.0442,0.264,0.151,0.0,89.0,89.4,0.4898979485566356,0,0,89
0.618,0.32,126.031,0.0923,0.853,0.0972,0.0,87.0,87.05714285714286,0.5314592925068078,-1,0,86
0.416,0.297,94.926,0.0254,0.492,0.203,-0.014285714285714285,75.0,74.4047619047619,2.996502118022054,-1,0,69
0.707,0.691,82.045,0.0635,0.786,0.121,0.0,87.0,86.5,0.6571287406727709,1,0,87
0.729,0.816,111.004,0.0321,0.749,0.113,0.0,86.0,85.74757281553399,0.4344049965280989,0,0,86
0.5,0.801,117.896,0.0651,0.664,0.0966,0.0,87.0,86.96,0.19595917942265423,0,0,87
0.702,0.382,81.053,0.0298,0.486,0.0912,0.0,86.0,86.0,0.0,0,0,86
0.887,0.889,127.003,0.0683,0.936,0.0582,0.0,82.0,81.64102564102564,0.6597271964240311,0,0,81
0.745,0.262,180.098,0.161,0.464,0.363,0.0,86.0,86.33333333333333,0.8422598823413765,0,0,85
0.531,0.209,81.036,0.207,0.892,0.0824,0.0,81.0,80.85185185185185,0.8143938306405936,0,0,80
0.756,0.838,116.034,0.032,0.66,0.193,0.0,92.0,92.03448275862068,0.18246560765962697,0,0,92
0.926,0.861,172.638,0.0479,0.61,0.0821,0.0,85.0,85.37179487179488,0.4832840211530965,0,0,85
0.621,0.782,173.083,0.0291,0.473,0.19,0.0,84.0,84.32710280373831,0.4691551550658368,0,0,84
0.406,0.755,122.658,0.0662,0.813,0.0757,0.0,70.0,70.20689655172414,0.40508069394726653,0,0,71
0.634,0.352,160.017,0.0341,0.645,0.0908,0.0,84.0,84.42990654205607,0.6131296996955784,0,0,84
0.907,0.721,112.964,0.064,0.674,0.297,0.0,94.0,93.83177570093459,0.48309712087177886,0,0,93
0.652,0.696,119.944,0.0367,0.851,0.0936,0.0,78.0,77.74545454545455,0.7190443612103704,0,0,77
0.714,0.448,141.512,0.0339,0.606,0.106,0.0,80.0,80.38181818181818,0.4858323351231778,0,0,80
0.393,0.403,98.217,0.0262,0.404,0.0938,0.0,78.0,78.01818181818182,0.13360853142453696,0,0,78
0.673,0.736,209.942,0.563,0.64,0.113,0.0,70.0,70.05454545454545,0.22709083630539625,0,0,70
0.526,0.203,140.06,0.368,0.891,0.133,0.0,77.0,76.7090909090909,1.0899996208961353,0,0,75
0.589,0.58,133.921,0.0434,0.709,0.0585,0.0,66.0,65.96551724137932,0.18246560765962697,0,0,66
0.158,0.46,126.078,0.102,0.871,0.113,0.0,79.0,78.73076923076923,0.4435600997950307,0,0,79
0.499,0.669,99.986,0.0509,0.791,0.0899,0.0,87.0,87.44,0.4963869458396343,0,0,87
0.716,0.627,100.104,0.0929,0.79,0.213,0.0,70.0,70.1875,0.9164298936634487,0,0,69
0.451,0.558,136.48,0.101,0.741,0.403,0.0,67.0,67.08,0.2712931993250107,0,0,67
0.411,0.515,100.002,0.0711,0.931,0.134,0.0,74.0,74.37179487179488,0.4832840211530965,0,0,74
0.826,0.465,94.997,0.0853,0.884,0.0651,0.0,32.0,32.03448275862069,2.7099148557777246,0,0,28
0.733,0.244,172.09,0.0488,0.625,0.375,0.0,81.0,81.375,0.4841229182759271,0,0,81
0.741,0.614,135.07,0.245,0.866,0.0297,0.0,72.0,71.78181818181818,0.5621681757723748,0,0,71
0.811,0.311,148.144,0.159,0.594,0.339,0.0,47.0,46.724137931034484,2.448033013696393,0,0,43
0.463,0.252,112.789,0.189,0.614,0.263,0.0,69.0,69.51724137931035,0.5645070877153413,0,0,69
0.761,0.194,146.003,0.175,0.62,0.269,0.0,79.0,79.0,0.0,0,0,79
0.764,0.886,140.113,0.204,0.882,0.119,0.0,81.0,81.34482758620689,0.47531202593414557,0,0,81
0.933,0.402,127.967,0.0651,0.648,0.14,0.0,33.0,33.333333333333336,2.83304496802463,0,0,28
0.551,0.443,148.035,0.0345,0.527,0.403,0.0,85.0,84.84,0.36660605559646725,0,0,84
0.64,0.527,145.031,0.274,0.811,0.127,0.0,71.0,71.10344827586206,0.30454347814923616,0,0,71
0.539,0.253,158.105,0.0561,0.65,0.114,0.0,77.0,76.55172413793103,0.4973174173053778,0,0,76
0.567,0.0743,121.964,0.0969,0.781,0.0981,0.0,72.0,72.32,0.46647615158762407,0,0,72
0.734,0.619,171.829,0.0349,0.566,0.124,0.0,26.0,26.103448275862068,1.6261829134553925,0,0,24
0.629,0.457,122.863,0.0563,0.707,0.138,0.0,75.0,75.0,0.0,0,0,75
0.672,0.739,114.935,0.0522,0.756,0.108,0.0,87.0,87.13793103448276,0.34482758620689646,0,0,87
0.796,0.704,145.212,0.169,0.624,0.258,0.0,70.0,70.13793103448276,0.34482758620689646,0,0,70
0.567,0.497,136.005,0.0322,0.673,0.151,-0.0196078431372549,55.0,55.3448275862069,2.9393391477415287,-1,0,50
0.373,0.346,121.889,0.26,0.49,0.128,0.012987012987012988,77.0,77.37931034482759,0.48521542343001,1,1,78
0.787,0.31,119.996,0.0462,0.704,0.159,0.0,83.0,83.34615384615384,0.47574295680203776,0,0,83
0.936,0.844,151.019,0.301,0.788,0.311,0.0,79.0,79.37837837837837,0.48498266067368545,0,0,79
0.558,0.606,104.983,0.0568,0.943,0.0937,0.0,80.0,80.44660194174757,0.4971404704657129,0,0,81
0.538,0.732,99.968,0.174,0.868,0.0901,0.0,78.0,78.12621359223301,0.33208992964052564,0,0,78
0.523,0.416,169.982,0.0946,0.628,0.219,0.0,77.0,77.35135135135135,0.4773924792609647,0,0,77
0.717,0.422,141.904,0.0375,0.638,0.113,0.0,83.0,82.96078431372548,0.1941077438551307,0,0,83
0.676,0.134,77.002,0.0298,0.583,0.121,0.0,35.0,35.583333333333336,2.4480718035947304,0,0,31
0.592,0.726,120.018,0.0331,0.783,0.347,0.0,22.0,22.04054054054054,0.19722323674765438,0,0,22
0.251,0.136,76.908,0.454,0.522,0.0751,0.0,51.0,49.294117647058826,2.3330037664766987,1,0,51
0.681,0.706,139.057,0.201,0.918,0.0615,0.0,79.0,79.0,0.0,0,0,79
0.881,0.808,129.981,0.0995,0.631,0.0639,0.0,78.0,77.96153846153847,0.19230769230769232,0,0,78
0.662,0.417,116.049,0.0686,0.825,0.285,0.0,62.0,62.03846153846154,0.19230769230769232,0,0,62
0.681,0.646,117.999,0.0668,0.707,0.0322,0.0,23.0,23.0375,0.7321842322803737,0,0,24
0.593,0.153,94.467,0.0322,0.515,0.25,0.0,77.0,77.0,0.0,0,0,77
0.348,0.248,120.048,0.0285,0.594,0.317,0.0,76.0,75.96153846153847,0.19230769230769232,0,0,76
0.469,0.288,132.023,0.0254,0.574,0.128,0.0,33.0,32.8235294117647,0.3812200410828153,0,0,33
0.512,0.599,105.004,0.146,0.948,0.0504,0.0,68.0,68.0,0.0,0,0,68
0.562,0.368,116.931,0.0355,0.755,0.18,0.012048192771084338,83.0,83.26923076923077,0.4435600997950307,1,1,84
0.63,0.705,150.094,0.237,0.619,0.468,0.0,62.0,62.0,0.0,0,0,62
0.723,0.576,77.468,0.0666,0.572,0.339,0.0,35.0,31.0,9.260923597695477,1,0,38
0.521,0.382,164.976,0.136,0.592,0.104,0.0,27.0,27.0,0.0,0,0,27
0.653,0.0987,115.003,0.0538,0.571,0.121,0.0,21.0,20.615384615384617,0.6249260311258431,1,0,21
0.521,0.3,80.046,0.0247,0.557,0.262,0.0,40.0,39.82142857142857,0.38299304624155744,1,0,40
0.586,0.318,169.93,0.0357,0.467,0.12,0.0,57.0,57.0,0.0,0,0,57
0.607,0.498,81.001,0.1,0.684,0.191,0.0,85.0,84.6078431372549,0.4882313567838718,0,0,85
0.43,0.498,102.991,0.206,0.929,0.105,0.0,63.0,63.38461538461539,0.4865042554105199,0,0,63
0.738,0.323,100.007,0.0485,0.654,0.148,0.0,25.0,25.26923076923077,0.4435600997950306,0,0,25
0.454,0.224,131.007,0.0707,0.719,0.318,0.0,77.0,77.2135922330097,0.4098421537709792,0,0,77
0.965,0.304,128.04,0.0343,0.561,0.371,0.0,85.0,85.0,0.0,0,0,85
0.735,0.418,88.98,0.0391,0.644,0.161,0.0,86.0,86.0,0.0,0,0,86
0.381,0.434,116.028,0.0494,0.813,0.0985,0.0,65.0,64.8076923076923,0.3941134909984461,0,0,65
0.507,0.69,168.955,0.0357,0.686,0.383,0.0,72.0,72.2875,0.45259667475579185,0,0,72
0.648,0.49,96.888,0.062,0.633,0.161,0.0,81.0,81.37837837837837,0.48498266067368545,0,0,81
0.31,0.131,139.614,0.0625,0.418,0.216,0.0,69.0,69.0,0.0,0,0,69
0.634,0.44,99.998,0.0291,0.591,0.113,0.0,76.0,76.02564102564102,0.5057200749568211,0,0,76
0.678,0.254,84.039,0.266,0.637,0.156,0.0,85.0,85.07692307692308,0.2664693550105965,0,0,85
0.742,0.199,145.007,0.0529,0.587,0.146,0.0,23.0,23.423076923076923,1.3351196121315216,0,0,21
0.705,0.635,111.487,0.0756,0.398,0.443,0.0,80.0,80.41176470588235,0.49215295678475035,0,0,80
0.785,0.646,94.127,0.0562,0.731,0.111,0.0,0.0,0.0,0.0,0,0,0
0.797,0.825,139.994,0.0475,0.704,0.0546,0.0,79.5,79.5,0.5,0,0,79
0.731,0.662,173.93,0.0557,0.52,0.311,0.0,27.0,27.05263157894737,0.8163350104144339,0,0,28
0.781,0.824,107.007,0.0428,0.811,0.121,0.0,69.0,69.38461538461539,0.4865042554105199,0,0,69
0.636,0.525,170.01,0.0638,0.565,0.447,0.0,56.0,55.791666666666664,2.75347003292613,0,0,51
0.921,0.729,136.996,0.0446,0.733,0.122,0.0,72.0,71.9375,0.24206145913796356,0,0,72
0.655,0.793,92.9,0.0652,0.649,0.22,0.0,69.0,69.33333333333333,0.4714045207910317,0,0,70
0.773,0.496,160.08,0.0775,0.567,0.111,0.0,2.0,2.1538461538461537,0.5329387100211931,0,0,1
0.907,0.249,120.968,0.0606,0.73,0.23,0.0,65.0,65.0,0.0,0,0,65
0.891,0.912,133.01,0.241,0.95,0.309,0.0,67.0,67.0,0.0,0,0,67
0.743,0.722,108.966,0.0656,0.836,0.335,-0.018867924528301886,57.0,57.25242718446602,2.8445773539082744,-1,0,52
0.592,0.719,101.058,0.0324,0.881,0.0901,0.0,68.0,68.2,0.39999999999999997,0,0,68
0.317,0.268,169.914,0.0531,0.44,0.141,0.0,77.0,77.0,0.0,0,0,77
0.786,0.446,153.967,0.0501,0.544,0.169,0.0,3.0,3.1454545454545455,0.3525585350848239,0,0,4
0.528,0.635,166.084,0.275,0.811,0.0787,0.0,60.0,60.19230769230769,0.3941134909984461,0,0,61
0.704,0.894,149.995,0.0615,0.736,0.0501,0.0,73.0,73.0,0.0,0,0,73
0.475,0.234,98.047,0.0516,0.801,0.0639,0.0,79.0,79.0,0.0,0,0,79
0.519,0.884,96.97,0.31,0.935,0.425,0.0,58.0,58.0,0.0,0,0,58
0.442,0.706,90.019,0.107,0.815,0.101,0.0,2.0,1.7692307692307692,0.4213250442347432,0,0,1
0.716,0.841,131.43,0.0404,0.768,0.15,0.0,19.0,19.2,0.4,0,0,20
0.896,0.653,115.143,0.0599,0.389,0.501,0.0,0.0,0.0,0.0,0,0,0
0.697,0.684,116.033,0.0484,0.68,0.661,0.0,66.0,65.8076923076923,0.3941134909984461,0,0,66
0.6,0.457,100.012,0.158,0.874,0.126,0.0,63.0,63.0,0.0,0,0,63
0.54,0.415,121.932,0.0493,0.695,0.367,0.0,72.0,72.01960784313725,0.13864838846795052,0,0,72
0.783,0.555,77.011,0.266,0.728,0.434,0.0,73.0,73.45833333333333,0.6441510347391795,0,0,75
0.605,0.419,81.98,0.0432,0.592,0.103,0.0,59.0,59.0,0.0,0,0,59
0.559,0.338,72.498,0.0358,0.559,0.138,0.0,71.0,70.96153846153847,0.19230769230769232,0,0,71
0.525,0.531,80.87,0.0944,0.761,0.0921,0.0,31.0,30.824324324324323,0.38054399568456015,0,0,31
0.459,0.704,112.56,0.0357,0.888,0.11,0.0,59.0,58.92307692307692,0.2664693550105965,0,0,59
0.61,0.336,114.06,0.0382,0.583,0.14,0.0,74.0,74.0,0.0,0,0,74
0.75,0.88,97.953,0.078,0.783,0.241,0.0,57.0,57.30769230769231,0.46153846153846156,0,0,57
0.612,0.232,179.773,0.0608,0.345,0.194,0.0,71.0,71.0,0.0,0,0,71
0.527,0.638,84.974,0.0769,0.742,0.25,0.0,67.0,67.0,0.0,0,0,67
0.428,0.44,87.724,0.205,0.494,0.0816,0.0,78.0,78.0,0.0,0,0,78
0.612,0.687,179.629,0.363,0.594,0.461,0.0,63.0,63.0,0.0,0,0,63
0.699,0.696,81.003,0.199,0.77,0.17,0.0,61.0,60.92307692307692,0.2664693550105965,0,0,61
0.846,0.546,87.981,0.22,0.737,0.0486,0.0,74.0,73.61538461538461,0.48650425541051995,0,0,73
0.764,0.478,169.928,0.0483,0.591,0.103,0.0,78.0,78.0,0.0,0,0,78
0.766,0.55,95.016,0.0389,0.647,0.096,0.0,57.0,56.80769230769231,0.3941134909984461,0,0,57
0.764,0.881,107.998,0.0854,0.824,0.117,0.0,82.0,82.0,0.0,0,0,82
0.897,0.591,126.026,0.0348,0.808,0.364,0.0,7.0,6.884615384615385,0.6401275760420477,0,0,7
0.673,0.494,121.963,0.0444,0.671,0.304,0.0,76.0,76.00970873786407,0.09805344600351527,0,0,76
0.741,0.441,153.96,0.0478,0.601,0.415,0.0,83.0,83.11538461538461,0.31948553318915673,0,0,83
0.652,0.922,143.08,0.152,0.775,0.105,0.0,63.0,62.96363636363636,0.18719327529067276,0,0,63
0.824,0.753,108.625,0.0299,0.568,0.0855,0.0,70.5,70.5,0.5,0,0,71
0.47,0.399,94.995,0.0299,0.773,0.0851,0.0,71.0,71.05,0.21794494717703367,0,0,71
0.739,0.533,93.005,0.0411,0.727,0.161,0.0,74.0,74.0625,0.24206145913796356,0,0,74
0.701,0.742,110.968,0.0286,0.762,0.123,0.0,71.0,71.0,0.0,0,0,71
0.661,0.668,168.56,0.204,0.556,0.101,0.0,17.0,16.653846153846153,0.47574295680203776,0,0,16
0.454,0.357,133.073,0.375,0.935,0.0824,0.0,75.0,75.3076923076923,0.46153846153846156,0,0,75
0.722,0.756,90.989,0.0369,0.7,0.272,0.0,4.0,4.1923076923076925,0.39411349099844606,0,0,4
0.673,0.779,110.962,0.159,0.787,0.0904,0.0,73.0,73.11538461538461,0.31948553318915673,0,0,73
0.918,0.78,120.008,0.0603,0.948,0.26,0.0,35.0,35.03846153846154,0.19230769230769232,0,0,35
0.548,0.543,83.995,0.353,0.709,0.133,0.0,76.0,76.46153846153847,0.498518515262143,0,0,77
0.431,0.348,144.026,0.135,0.726,0.696,0.0,78.0,78.0,0.0,0,0,79
0.63,0.816,128.977,0.0537,0.863,0.123,0.0,64.0,64.0,0.0,0,0,64
0.592,0.535,124.749,0.23,0.711,0.156,0.0,59.0,59.0,0.0,0,0,59
0.66,0.471,140.04,0.079,0.799,0.111,0.0,6.0,6.0,0.0,0,0,6
0.63,0.313,89.643,0.117,0.316,0.205,0.0,73.0,72.8076923076923,0.7348066605593384,0,0,74
0.391,0.713,141.05,0.368,0.913,0.0666,0.0,48.0,48.0,0.0,0,0,48
0.481,0.761,150.076,0.0803,0.767,0.269,0.0,70.0,69.8076923076923,0.3941134909984461,0,0,70
0.586,0.642,116.971,0.0559,0.896,0.79,0.0,81.0,81.42307692307692,0.4940474068717357,0,0,81
0.741,0.68,168.983,0.334,0.843,0.096,0.0,65.0,65.0,0.0,0,0,65
0.729,0.446,123.97,0.0475,0.68,0.224,0.0,72.0,72.42307692307692,0.4940474068717357,0,0,72
0.663,0.774,121.876,0.133,0.834,0.372,0.0,61.0,60.80769230769231,0.3941134909984461,0,0,61
0.34,0.716,94.009,0.0697,0.889,0.055,0.0,69.0,68.8076923076923,0.3941134909984461,0,0,69
0.69,0.497,89.977,0.164,0.746,0.101,0.0,73.0,73.0,0.0,0,0,73
0.525,0.694,112.022,0.0578,0.878,0.0714,0.0,14.0,14.346153846153847,1.8798999092076825,0,0,12
0.586,0.347,125.971,0.2,0.823,0.193,0.0,73.0,73.11538461538461,0.31948553318915673,0,0,74
0.642,0.452,138.026,0.189,0.819,0.0735,0.0,0.0,0.0,0.0,0,0,0
0.529,0.121,119.987,0.0487,0.699,0.285,0.0,75.0,74.96153846153847,0.19230769230769232,0,0,75
0.857,0.951,127.656,0.17,0.965,0.0726,0.0,65.0,64.92307692307692,0.2664693550105965,0,0,65
0.696,0.432,100.036,0.204,0.954,0.0754,0.0,61.0,60.92307692307692,0.2664693550105965,0,0,61
0.732,0.469,94.066,0.241,0.914,0.107,0.0,67.0,66.6923076923077,0.46153846153846156,0,0,67
0.619,0.641,112.997,0.039,0.744,0.231,0.0,78.0,77.96153846153847,0.19230769230769232,0,0,78
0.501,0.459,120.038,0.062,0.88,0.436,0.0,0.0,0.0,0.0,0,0,0
0.774,0.33,112.05,0.0892,0.674,0.393,0.0,73.0,72.8076923076923,0.3941134909984461,0,0,73
0.492,0.159,91.066,0.0538,0.399,0.11,0.0,0.0,0.038461538461538464,0.1923076923076923,0,0,0
0.485,0.225,77.355,0.0365,0.311,0.0726,0.0,76.0,76.0,0.0,0,0,76
0.724,0.898,121.975,0.0495,0.77,0.353,0.0,76.0,76.38461538461539,0.4865042554105199,0,0,76
0.527,0.429,176.123,0.147,0.541,0.286,0.0,44.0,43.729166666666664,0.4443901876604488,0,0,44
0.601,0.457,116.735,0.148,0.621,0.46,0.0,72.0,72.38461538461539,0.4865042554105199,0,0,73
0.716,0.373,116.912,0.0385,0.688,0.0989,0.015151515151515152,66.0,66.38461538461539,0.4865042554105199,1,1,67
0.585,0.485,109.978,0.094,0.83,0.248,0.0,74.0,73.96153846153847,0.19230769230769232,0,0,74
0.373,0.551,120.046,0.0384,0.705,0.289,0.0,66.0,65.8076923076923,0.3941134909984461,0,0,66
0.955,0.575,125.989,0.222,0.707,0.202,0.0,73.0,73.26923076923077,0.4435600997950306,0,0,73
0.591,0.309,139.864,0.225,0.802,0.196,0.0,74.0,74.38461538461539,0.4865042554105199,0,0,75
0.793,0.677,123.941,0.0842,0.794,0.0952,0.0,70.0,70.3076923076923,0.46153846153846156,0,0,70
0.492,0.789,120.151,0.0276,0.828,0.128,0.0,84.0,84.1923076923077,0.3941134909984461,0,0,84
0.425,0.27,102.078,0.0333,0.357,0.322,0.0,83.0,83.03921568627452,0.1941077438551307,0,0,84
0.621,0.715,113.968,0.0486,0.738,0.692,0.0,2.0,2.0,0.0,0,0,2
0.498,0.405,106.044,0.18,0.879,0.0967,0.0,69.0,69.0,0.0,0,0,69
0.415,0.318,76.986,0.174,0.883,0.063,0.0,58.0,58.0,0.0,0,0,58
0.705,0.672,101.003,0.0278,0.764,0.0943,0.0,77.0,76.96363636363637,0.18719327529067273,0,0,77
0.415,0.156,136.029,0.0707,0.74,0.319,0.016666666666666666,60.0,60.03846153846154,0.19230769230769232,1,1,61
0.239,0.0927,79.859,0.0398,0.631,0.116,0.0,66.0,66.1923076923077,0.3941134909984461,0,0,66
0.464,0.638,109.004,0.0645,0.901,0.238,0.0,77.0,77.03846153846153,0.19230769230769232,0,0,77
0.511,0.837,151.947,0.164,0.81,0.0832,0.0,66.0,65.8076923076923,0.3941134909984461,0,0,66
0.431,0.629,130.022,0.0622,0.728,0.0996,0.0,70.0,69.57692307692308,0.4940474068717357,0,0,70
0.85,0.865,98.013,0.0642,0.738,0.23,0.0,61.0,61.07692307692308,0.2664693550105965,0,0,61
0.157,0.522,115.023,0.375,0.974,0.279,0.0,38.0,37.96153846153846,0.19230769230769232,0,0,38
0.841,0.814,100.003,0.0391,0.743,0.133,0.0,57.0,56.80769230769231,0.3941134909984461,0,0,57
0.431,0.236,127.085,0.0364,0.785,0.0887,0.0,2.0,2.1153846153846154,0.31948553318915673,0,0,2
0.97,0.868,114.328,0.0504,0.808,0.154,0.0,82.0,82.0,0.0,0,0,83
0.433,0.394,122.074,0.187,0.762,0.118,0.0,69.0,68.96153846153847,0.19230769230769232,0,0,69
0.602,0.269,179.798,0.368,0.48,0.0848,0.0,74.0,74.0,0.0,0,0,74
0.534,0.173,131.798,0.0555,0.487,0.1,0.0,71.0,71.11538461538461,0.31948553318915673,0,0,72
0.807,0.398,124.053,0.0336,0.612,0.101,0.0,90.0,90.0,0.0,0,0,90
0.541,0.724,120.082,0.0493,0.686,0.0675,0.0,65.0,64.57692307692308,0.49404740687173576,0,0,65
0.413,0.467,93.005,0.0299,0.662,0.134,-0.16666666666666666,4.0,4.153846153846154,0.6007884366082041,-1,0,5
0.497,0.585,95.818,0.105,0.749,0.0504,0.0,73.0,72.8125,0.3903123748998999,0,0,73
0.454,0.837,81.618,0.201,0.834,0.114,0.0,67.0,67.0,0.0,0,0,67
0.802,0.682,144.015,0.0878,0.737,0.0931,0.0,78.0,78.0,0.0,0,0,78
0.863,0.874,180.013,0.353,0.821,0.0377,0.0,58.0,58.0,0.0,0,0,58
0.751,0.884,117.948,0.0874,0.88,0.106,0.0,80.0,79.92307692307692,0.2664693550105965,0,0,80
0.556,0.67,148.964,0.216,0.915,0.0733,0.0,49.0,48.80769230769231,0.3941134909984461,0,0,49
0.762,0.277,127.931,0.205,0.926,0.117,0.0,48.0,47.53846153846154,0.4985185152621431,0,0,48
0.39,0.495,129.972,0.0846,0.843,0.137,0.0,69.0,69.0,0.0,0,0,69
0.609,0.778,140.206,0.17,0.714,0.126,0.0,0.0,0.0,0.0,0,0,0
0.438,0.695,129.039,0.0719,0.866,0.0743,0.0,58.0,57.80769230769231,0.3941134909984461,0,0,58
0.597,0.298,145.992,0.0627,0.842,0.124,0.0,66.0,65.96153846153847,0.19230769230769232,0,0,66
0.531,0.335,71.972,0.157,0.716,0.22,0.0,78.0,77.95833333333333,0.19982631347136331,0,0,78
0.604,0.899,99.996,0.0746,0.906,0.255,0.0,0.0,0.0,0.0,0,0,0
0.792,0.758,118.05,0.0668,0.829,0.122,0.0,65.0,65.0,0.4803844614152614,0,0,64
0.716,0.503,124.968,0.0445,0.649,0.0824,0.0,0.0,0.0,0.0,0,0,0
0.936,0.697,144.901,0.11,0.611,0.12,0.0,53.0,52.80769230769231,0.3941134909984461,0,0,53
0.399,0.713,129.047,0.0745,0.866,0.0689,0.0,0.0,0.0,0.0,0,0,0
0.53,0.507,135.998,0.127,0.907,0.101,0.0,71.0,71.0,0.0,0,0,71
0.464,0.457,112.974,0.178,0.87,0.0902,0.0,63.0,63.0,0.0,0,0,63
0.729,0.512,117.932,0.326,0.727,0.07,0.0,4.0,4.0,0.0,0,0,4
0.642,0.226,179.974,0.287,0.745,0.0658,0.0,83.0,83.38461538461539,0.4865042554105199,0,0,84
0.729,0.272,105.013,0.0393,0.507,0.0658,0.0,0.0,0.0,0.0,0,0,0
0.321,0.319,70.142,0.323,0.725,0.0884,0.0,2.0,1.8846153846153846,1.1873345415717793,0,0,2
0.573,0.566,76.02,0.0277,0.664,0.0857,0.0,2.0,2.0384615384615383,0.1923076923076923,0,0,2
0.69,0.758,143.072,0.134,0.732,0.116,0.0,74.5,74.5,0.5,0,0,75
0.717,0.523,150.964,0.179,0.746,0.132,0.0,66.0,66.0,0.0,0,0,66
0.521,0.532,103.391,0.0466,0.413,0.323,0.0,57.0,57.0,0.0,0,0,57
0.503,0.473,110.134,0.237,0.776,0.112,0.0,77.0,77.11538461538461,0.31948553318915673,0,0,78
0.715,0.571,127.435,0.0407,0.679,0.271,0.0,71.0,71.0,0.0,0,0,71
0.43,0.236,127.087,0.0364,0.784,0.0887,0.0,0.0,0.0,0.0,0,0,0
0.628,0.568,140.053,0.046,0.668,0.0293,0.0,84.0,83.81818181818181,0.7158188976374374,0,0,83
0.66,0.126,127.931,0.0452,0.423,0.473,-0.058823529411764705,17.0,17.5,0.8393720596645177,-1,0,16
0.697,0.919,138.029,0.0439,0.852,0.0678,0.0,88.0,88.36363636363636,0.4810456929208346,0,0,88
0.856,0.268,160.122,0.361,0.51,0.0739,0.0,41.0,40.6875,0.982264602843857,1,0,41
0.689,0.331,127.892,0.0759,0.509,0.1,0.0,21.0,21.59090909090909,1.370437584698303,0,0,20
0.784,0.277,160.216,0.194,0.626,0.635,0.0,31.0,30.8125,0.9499177595981665,1,0,32
0.919,0.26,153.98,0.154,0.606,0.656,0.0,40.0,39.68181818181818,0.46577048936179993,0,0,39
0.589,0.143,99.95,0.0605,0.676,0.152,0.0,14.0,13.954545454545455,0.8778730870830894,0,0,13
0.619,0.111,156.021,0.0429,0.332,0.0765,0.0,34.0,34.13636363636363,0.5473452081269224,0,0,33
0.888,0.27,164.854,0.294,0.43,0.285,0.0,36.0,35.75,1.346291201783626,1,0,37
0.965,0.0677,75.016,0.155,0.737,0.202,0.02631578947368421,37.0,36.86363636363637,0.7565144080496926,1,1,39
0.702,0.103,127.904,0.0434,0.461,0.326,0.0,22.0,21.545454545454547,0.49792959773196926,0,0,22
0.725,0.626,128.985,0.0512,0.782,0.369,0.0,40.0,40.1,0.7,1,0,41
0.502,0.313,123.992,0.0478,0.704,0.526,0.0,39.0,39.0,0.0,0,0,39
0.769,0.25,89.98,0.059,0.532,0.156,-0.027777777777777776,36.0,35.9,0.3,-1,0,35
0.937,0.275,155.016,0.139,0.609,0.578,0.0,39.0,39.0,0.0,0,0,39
0.666,0.116,91.944,0.0395,0.434,0.182,0.0,19.0,18.625,0.7806247497997998,1,0,19
0.733,0.222,74.099,0.0347,0.364,0.13,0.0,32.5,32.5,1.224744871391589,1,0,34
0.53,0.291,129.995,0.0457,0.754,0.349,0.0,42.0,42.0,0.0,0,0,42
0.828,0.334,125.993,0.0432,0.705,0.338,0.0,17.0,16.818181818181817,1.1922615498730909,0,0,15
0.749,0.23,126.034,0.0456,0.677,0.242,0.0,42.0,42.0,0.0,0,0,42
0.698,0.167,130.01,0.103,0.833,0.567,0.0,19.0,19.0,0.0,0,0,19
0.681,0.289,128.058,0.0357,0.532,0.0912,0.0,30.5,30.5,0.5,1,0,31
0.516,0.333,149.835,0.0807,0.511,0.207,0.0,30.0,30.1,0.7,1,0,31
0.931,0.198,128.011,0.0601,0.779,0.0676,0.0,16.0,15.5625,0.49607837082461076,1,0,16
0.841,0.487,126.038,0.0812,0.775,0.12,0.0,14.0,13.772727272727273,0.7938295089351354,0,0,13
0.769,0.078,128.12,0.0925,0.71,0.136,0.0,19.0,18.0,1.8027756377319946,1,0,19
0.754,0.265,75.05,0.0573,0.422,0.0834,-0.045454545454545456,24.0,23.681818181818183,1.4580922665768583,-1,0,21
0.839,0.125,124.041,0.0473,0.567,0.455,0.0,18.0,17.818181818181817,1.526623238522424,0,0,15
0.662,0.191,126.011,0.0583,0.818,0.303,-0.05,23.0,22.40909090909091,1.922571452959691,-1,0,19
0.871,0.37,174.009,0.146,0.515,0.12,0.0,35.0,35.0,0.0,0,0,35
0.901,0.214,124.997,0.0607,0.787,0.1,0.0,40.0,40.0,0.0,0,0,40
0.859,0.253,127.979,0.0872,0.556,0.108,0.0,15.0,15.0,0.0,0,0,15
0.716,0.604,137.752,0.0456,0.463,0.224,0.0,23.0,23.0,0.0,0,0,23
0.635,0.686,150.08,0.0851,0.712,0.0726,0.0,38.0,37.81818181818182,1.8249872636258844,0,0,34
0.756,0.444,128.01,0.0407,0.545,0.409,0.0,16.0,15.954545454545455,0.8244707794189571,0,0,15
0.595,0.501,123.998,0.254,0.462,0.0921,0.0,13.0,13.272727272727273,0.4453617714151233,0,0,13
0.825,0.359,180.175,0.148,0.605,0.526,0.09090909090909091,11.0,11.545454545454545,0.655554777357089,1,1,12
0.603,0.449,123.658,0.0643,0.546,0.234,0.0,13.0,13.318181818181818,0.46577048936179993,0,0,13
0.91,0.131,125.962,0.0482,0.704,0.347,0.0,19.0,19.40909090909091,0.5767535245658872,0,0,19
0.592,0.152,128.396,0.0484,0.456,0.432,0.0,15.0,15.0,1.2060453783110545,0,0,13
0.673,0.233,128.074,0.0541,0.561,0.376,0.0,13.0,13.5,0.7229988054812212,0,0,13
0.638,0.269,109.995,0.185,0.784,0.22,0.0,17.0,17.0,0.0,0,0,17
0.62,0.934,117.038,0.0412,0.741,0.0398,-0.017241379310344827,62.0,62.27272727272727,2.831347545890443,-1,0,57
0.694,0.396,126.026,0.0477,0.499,0.486,0.0,18.0,18.545454545454547,0.9403709484353273,0,0,17
0.769,0.0804,123.963,0.0511,0.556,0.794,0.0,14.0,14.454545454545455,0.655554777357089,0,0,14
0.814,0.0893,174.111,0.207,0.611,0.192,0.0,31.0,31.0,0.0,0,0,31
0.825,0.0688,122.978,0.0711,0.609,0.173,0.0,19.0,19.0,0.0,0,0,19
0.868,0.188,128.047,0.106,0.488,0.316,0.07692307692307693,14.0,13.863636363636363,0.7565144080496926,1,1,14
0.833,0.092,128.035,0.102,0.679,0.242,0.0,16.0,15.954545454545455,1.2239010925305691,0,0,14
0.41,0.188,114.978,0.0718,0.74,0.217,0.0,17.0,17.0,0.0,0,0,17
0.759,0.33,127.938,0.0573,0.466,0.636,0.0,24.0,24.5,0.6571287406727709,0,0,24
0.723,0.176,140.047,0.0435,0.225,0.2,-0.05263157894736842,21.0,21.0,1.6787441193290353,-1,0,18
0.888,0.697,123.999,0.0393,0.744,0.108,0.0,25.0,25.545454545454547,0.7820295697311479,0,0,25
0.78,0.134,124.049,0.0501,0.711,0.0636,0.0,12.0,11.818181818181818,0.6492207662311681,0,0,11
0.775,0.787,118.998,0.0548,0.787,0.113,0.0,73.0,72.83333333333333,0.3726779962499649,0,0,73
0.612,0.481,80.979,0.0394,0.411,0.103,0.0,15.0,14.590909090909092,0.4916660830178166,0,0,15
0.722,0.519,117.187,0.0755,0.673,0.137,0.0,84.0,83.95833333333333,0.19982631347136331,0,0,84
0.754,0.869,134.912,0.286,0.773,0.311,0.0,9.0,9.363636363636363,0.4810456929208346,0,0,9
0.901,0.121,123.992,0.0431,0.678,0.299,0.0,18.0,18.545454545454547,0.655554777357089,0,0,18
0.965,0.506,126.045,0.102,0.765,0.343,0.0,11.0,11.090909090909092,0.5961307749365454,0,0,10
0.78,0.211,128.017,0.0565,0.469,0.25,0.0,13.0,13.090909090909092,0.2874797872880345,0,0,13
0.762,0.269,127.889,0.0457,0.527,0.139,0.0,12.0,12.136363636363637,0.34317429251230674,0,0,12
0.584,0.218,127.929,0.0559,0.432,0.46,0.0,12.0,12.090909090909092,0.2874797872880345,0,0,12
0.894,0.4,127.964,0.0486,0.785,0.279,0.0,15.0,15.454545454545455,0.49792959773196926,0,0,15
0.793,0.038,126.007,0.0466,0.637,0.141,0.0,14.0,14.0,0.0,0,0,14
0.774,0.57,126.712,0.0534,0.61,0.0768,0.0,29.0,29.0,0.0,0,0,29
0.87,0.232,125.067,0.0544,0.619,0.122,0.0,14.0,14.090909090909092,0.2874797872880345,0,0,14
0.721,0.0384,121.993,0.0615,0.757,0.356,0.0,17.0,16.772727272727273,0.5162643950727521,0,0,16
0.615,0.208,127.969,0.0447,0.527,0.263,0.0,12.0,12.045454545454545,0.20829889522526543,0,0,12
0.524,0.339,104.953,0.0331,0.717,0.0932,0.012048192771084338,78.0,78.5,2.692582403567252,1,1,84
0.664,0.555,140.038,0.102,0.798,0.135,0.0,67.0,67.36363636363636,0.4810456929208346,0,0,67
0.807,0.511,126.004,0.0713,0.831,0.0756,0.0,11.0,10.681818181818182,0.46577048936179993,0,0,11
0.857,0.147,127.982,0.0554,0.485,0.224,0.0,12.0,12.227272727272727,0.4190702026042222,0,0,12
0.951,0.182,128.003,0.0349,0.552,0.371,0.0,24.0,23.863636363636363,0.7565144080496926,0,0,23
0.625,0.423,120.038,0.0468,0.672,0.0934,0.0,66.0,66.13636363636364,0.45681252823276774,0,0,67
0.769,0.396,126.016,0.0406,0.689,0.109,0.0,11.0,11.090909090909092,0.2874797872880345,0,0,11
0.76,0.398,140.233,0.358,0.636,0.182,0.0,14.0,14.272727272727273,0.4453617714151233,0,0,14
0.849,0.228,125.944,0.0531,0.715,0.283,0.0,11.0,10.818181818181818,0.385694607919935,0,0,11
0.567,0.526,75.965,0.465,0.574,0.258,0.0,78.0,78.0,0.0,0,0,78
0.801,0.224,125.118,0.109,0.441,0.524,0.0,12.0,12.454545454545455,0.655554777357089,0,0,12
0.651,0.549,128.223,0.12,0.597,0.0792,0.0,16.0,16.0,0.0,0,0,16
0.435,0.227,144.978,0.202,0.93,0.117,0.0,71.0,70.70833333333333,0.45452967144315476,0,0,71
0.665,0.45,128.147,0.0407,0.505,0.116,0.0,13.0,13.181818181818182,0.385694607919935,0,0,13
0.665,0.543,155.017,0.0478,0.526,0.161,0.0,15.0,15.0,0.0,0,0,15
0.766,0.774,146.911,0.0343,0.515,0.455,0.0,65.0,64.81818181818181,0.38569460791993493,0,0,65
0.842,0.248,114.942,0.231,0.599,0.17,0.0,11.0,11.0,0.0,0,0,11
0.674,0.848,99.022,0.184,0.854,0.509,0.0,82.0,82.31818181818181,0.4657704893617999,0,0,82
0.788,0.271,127.944,0.0477,0.414,0.192,0.0,12.0,12.227272727272727,0.4190702026042222,0,0,12
0.685,0.207,139.473,0.319,0.605,0.386,0.0,21.0,20.681818181818183,1.2572106078126666,0,0,19
0.938,0.127,125.036,0.0453,0.56,0.0995,0.0,11.0,11.454545454545455,0.5821022034029864,0,0,11
0.841,0.904,124.986,0.0432,0.788,0.0772,0.0,80.0,80.45454545454545,0.49792959773196926,0,0,81
0.509,0.765,100.007,0.257,0.9,0.0937,0.0,65.0,65.07692307692308,0.2664693550105965,0,0,65
0.699,0.325,128.043,0.0333,0.471,0.452,0.0,12.0,11.863636363636363,0.34317429251230674,0,0,12
0.756,0.177,129.934,0.111,0.677,0.336,0.0,13.0,13.0,0.0,0,0,13
0.667,0.158,142.905,0.0577,0.422,0.3,0.0,16.0,16.0,0.0,0,0,16
0.84,0.542,127.969,0.0448,0.662,0.191,0.0,15.0,15.0,0.0,0,0,15
0.566,0.183,109.985,0.0307,0.662,0.0644,0.0,13.0,13.0,0.0,0,0,13
0.794,0.386,127.957,0.0406,0.611,0.0785,0.0,14.0,13.590909090909092,0.4916660830178166,0,0,13
0.652,0.272,128.082,0.0468,0.488,0.108,0.0,13.0,13.318181818181818,0.46577048936179993,0,0,13
0.5,0.603,105.01,0.0362,0.847,0.104,0.0,71.0,71.04545454545455,0.8244707794189571,0,0,70
0.931,0.204,149.948,0.234,0.536,0.0253,0.0,14.0,14.0,0.0,0,0,14
0.592,0.379,134.968,0.0383,0.401,0.195,0.0,68.0,68.31818181818181,0.4657704893617999,0,0,69
0.924,0.748,124.971,0.0646,0.807,0.324,0.09090909090909091,12.0,11.590909090909092,0.4916660830178166,1,1,12
0.694,0.587,189.998,0.257,0.686,0.109,0.0,62.0,62.22727272727273,0.4190702026042222,0,0,63
0.971,0.737,139.904,0.0735,0.692,0.0995,0.0,29.0,29.0,0.0,0,0,29
0.96,0.586,130.118,0.0492,0.863,0.0853,0.0,71.0,71.0,0.0,0,0,71
0.505,0.337,163.255,0.117,0.489,0.104,0.0,81.0,81.0909090909091,0.7329325225725953,0,0,82
0.356,0.569,83.679,0.075,0.708,0.112,0.0,76.0,76.0,0.0,0,0,76
0.886,0.519,128.007,0.185,0.63,0.391,0.0,13.0,13.0,0.0,0,0,13
0.375,0.564,171.94,0.33,0.541,0.102,0.0,61.0,61.0,0.0,0,0,61
0.506,0.208,95.14,0.586,0.723,0.548,0.0,33.0,33.0,0.0,0,0,33
0.622,0.22,130.001,0.0903,0.847,0.285,0.0,82.0,82.33333333333333,0.47140452079103173,0,0,82
0.799,0.183,126.004,0.0407,0.669,0.133,0.0,10.0,10.454545454545455,0.49792959773196926,0,0,10
0.852,0.766,140.024,0.208,0.679,0.237,0.0,57.0,57.40909090909091,0.4916660830178168,0,0,58
0.557,0.451,133.958,0.0533,0.842,0.0712,0.0,63.0,63.0,0.0,0,0,63
0.702,0.564,169.994,0.157,0.552,0.105,0.0,89.0,89.0,0.0,0,0,89
0.43,0.324,130.09,0.0335,0.508,0.093,0.0,82.0,81.54545454545455,0.49792959773196915,0,0,81
0.856,0.285,150.024,0.105,0.56,0.104,0.0,22.0,22.0,0.0,0,0,22
0.469,0.5,97.65,0.0985,0.768,0.112,0.0,62.0,62.31818181818182,0.4657704893617998,0,0,62
0.656,0.418,116.068,0.0704,0.824,0.253,0.0,66.0,66.0,0.0,0,0,66
0.753,0.573,145.625,0.0463,0.644,0.105,0.0,41.0,41.13636363636363,0.3431742925123068,0,0,42
0.749,0.473,124.035,0.143,0.671,0.483,0.0,11.0,11.227272727272727,0.4190702026042222,0,0,11
0.976,0.487,126.02,0.127,0.766,0.0643,0.0,4.0,4.0,0.0,0,0,4
0.803,0.795,130.028,0.0507,0.877,0.087,0.0,77.0,77.0,0.0,0,0,77
0.45,0.263,132.039,0.0259,0.575,0.124,0.0,83.0,83.13636363636364,0.3431742925123068,0,0,84
0.758,0.757,171.925,0.0921,0.74,0.0967,0.0,71.0,70.83333333333333,0.3726779962499649,0,0,71
0.58,0.753,144.072,0.247,0.77,0.233,0.0,71.0,70.95833333333333,0.19982631347136331,0,0,71
0.742,0.25,96.107,0.114,0.538,0.0934,0.0,77.0,76.95454545454545,0.20829889522526548,0,0,77
0.505,0.388,160.053,0.193,0.705,0.164,0.0,80.0,80.0,0.0,0,0,80
0.897,0.355,129.975,0.0386,0.686,0.153,0.0,75.0,74.81818181818181,0.38569460791993493,0,0,75
0.827,0.275,124.089,0.274,0.644,0.225,0.0,12.0,12.090909090909092,0.2874797872880345,0,0,12
0.485,0.517,66.961,0.0582,0.568,0.323,0.0,76.0,76.4090909090909,0.4916660830178168,0,0,76
0.508,0.227,101.358,0.0288,0.539,0.174,0.0,76.0,76.0,0.0,0,0,76
0.74,0.183,118.008,0.0807,0.766,0.229,0.0,77.0,77.36363636363636,0.4810456929208346,0,0,77
0.75,0.587,114.061,0.0455,0.772,0.074,0.0,81.0,81.0909090909091,0.2874797872880344,0,0,81
0.66,0.283,173.979,0.0877,0.527,0.156,0.0,60.0,59.95454545454545,0.20829889522526548,0,0,60
0.803,0.657,92.134,0.213,0.557,0.737,0.0,72.0,72.0,0.0,0,0,72
0.813,0.0448,126.022,0.0486,0.733,0.242,0.0,14.0,14.181818181818182,0.8331955809010617,0,0,13
0.573,0.972,140.04,0.288,0.911,0.403,0.0,77.0,76.92307692307692,0.26646935501059654,0,0,77
0.806,0.802,106.999,0.0381,0.801,0.114,0.0,79.0,78.83333333333333,0.3726779962499649,0,0,79
0.772,0.58,102.004,0.0792,0.723,0.367,0.0,61.0,61.13636363636363,0.34317429251230674,0,0,61
0.737,0.156,112.923,0.0335,0.323,0.163,0.0,81.0,81.0,0.0,0,0,81
0.714,0.842,131.443,0.0401,0.768,0.15,0.0,10.0,10.545454545454545,0.655554777357089,0,0,11
0.543,0.113,119.951,0.0478,0.691,0.279,0.0,11.0,11.363636363636363,0.4810456929208346,0,0,11
0.941,0.36,128.106,0.0698,0.626,0.385,0.0,11.0,11.0,0.0,0,0,11
0.572,0.307,120.003,0.0453,0.814,0.0861,0.0,12.0,12.0,0.0,0,0,12
0.549,0.471,124.966,0.114,0.876,0.11,0.0,12.0,11.608695652173912,0.48804226784007937,0,0,11
0.434,0.281,150.062,0.431,0.833,0.165,0.0,81.0,80.9090909090909,0.2874797872880344,0,0,81
0.782,0.755,135.063,0.0496,0.779,0.146,0.0,9.0,8.727272727272727,1.9112541856026035,0,0,5
0.657,0.746,96.936,0.0377,0.71,0.0932,0.0,43.0,43.31818181818182,0.46577048936179993,0,0,44
0.84,0.238,139.963,0.0594,0.428,0.106,0.0,10.0,10.181818181818182,0.385694607919935,0,0,10
0.764,0.578,89.998,0.0987,0.801,0.247,0.0,63.0,63.09090909090909,0.2874797872880344,0,0,63
0.829,0.246,106.62,0.128,0.651,0.401,0.0,55.0,55.0,0.0,0,0,55
0.866,0.194,127.985,0.0503,0.747,0.0633,0.0,11.0,11.318181818181818,0.46577048936179993,0,0,11
0.767,0.835,141.769,0.323,0.816,0.228,0.0,58.0,58.31818181818182,0.46577048936179993,0,0,59
0.709,0.222,101.673,0.0312,0.33,0.0896,0.0,65.0,65.0,0.0,0,0,65
0.871,0.811,116.946,0.139,0.871,0.0543,0.0,78.0,78.28846153846153,0.453046884207298,0,0,79
0.648,0.387,144.036,0.35,0.744,0.109,0.0,0.0,0.0,0.0,0,0,0
0.473,0.577,186.283,0.034,0.287,0.383,0.0,56.0,56.45454545454545,0.49792959773196926,0,0,57
0.422,0.455,144.678,0.0621,0.718,0.17,0.0,71.0,71.0,0.0,0,0,71
0.996,0.137,128.011,0.084,0.592,0.459,0.0,10.0,11.136363636363637,1.6038435240343045,0,0,14
0.699,0.666,104.838,0.132,0.878,0.755,0.0,0.0,0.0,0.0,0,0,0
0.723,0.643,126.998,0.0466,0.924,0.113,0.0,65.0,64.81818181818181,0.38569460791993493,0,0,65
0.927,0.493,127.999,0.091,0.628,0.148,0.0,0.0,0.0,0.0,0,0,0
0.779,0.26,173.799,0.0779,0.468,0.101,0.0,79.0,79.18181818181819,0.3856946079199351,0,0,80
0.788,0.228,169.907,0.214,0.504,0.363,0.0,69.0,69.0,0.0,0,0,69
0.806,0.637,124.927,0.0886,0.854,0.0703,0.0,75.0,75.13636363636364,0.3431742925123068,0,0,76
0.693,0.412,90.027,0.0377,0.491,0.325,0.0,81.0,81.45454545454545,0.4979295977319692,0,0,82
0.581,0.196,100.032,0.0584,0.432,0.48,0.0,11.0,10.909090909090908,0.51425947722658,0,0,12
0.226,0.366,90.031,0.185,0.623,0.323,0.0,34.0,34.0,0.0,0,0,34
0.825,0.915,102.977,0.0601,0.702,0.0674,0.0,78.0,78.54545454545455,0.655554777357089,0,0,80
0.795,0.796,89.99,0.0976,0.646,0.267,0.0,80.0,80.36363636363636,0.4810456929208346,0,0,80
0.593,0.72,119.958,0.0776,0.79,0.065,0.013333333333333334,75.0,75.04545454545455,0.20829889522526546,1,1,76
0.59,0.0784,145.867,0.032,0.498,0.107,0.0,81.0,81.0,0.0,0,0,81
0.41,0.74,119.971,0.112,0.979,0.205,0.0,0.0,0.0,0.0,0,0,0
0.696,0.464,90.03,0.119,0.677,0.42,0.0,78.0,78.0,0.0,0,0,78
0.695,0.472,149.996,0.0913,0.778,0.151,0.0,0.0,0.0,0.0,0,0,0
0.73,0.162,116.875,0.0381,0.552,0.0837,0.0,86.0,85.71428571428571,0.45175395145262565,0,0,85
0.514,0.363,114.997,0.0471,0.754,0.0808,0.0,86.0,85.56666666666666,0.4955356249106169,0,0,85
0.872,0.806,184.115,0.0336,0.466,0.121,0.0,90.0,89.86206896551724,0.5067909812654852,0,0,89
0.756,0.794,160.01,0.256,0.826,0.0915,0.0,86.0,85.75757575757575,0.779677595773855,-1,0,85
0.471,0.219,105.029,0.0603,0.472,0.14,0.0,89.0,88.81818181818181,0.38569460791993493,0,0,89
0.408,0.346,102.029,0.0601,0.777,0.105,0.0,44.0,44.31818181818182,0.6997638326518477,0,0,46
0.886,0.3,160.035,0.04,0.47,0.154,0.0,24.0,24.0,1.4142135623730951,0,0,22
0.734,0.285,128.112,0.053,0.556,0.0881,-0.05263157894736842,21.0,20.727272727272727,1.5719651332536893,-1,0,18
0.962,0.478,138.019,0.0311,0.628,0.0817,0.0,48.0,48.24,0.4270831300812525,0,0,49
0.763,0.576,120.03,0.0447,0.614,0.107,0.0,53.0,53.0,0.0,0,0,53
0.422,0.261,123.013,0.0458,0.522,0.127,0.0,47.0,47.4,0.48989794855663565,0,0,47
0.817,0.179,174.962,0.424,0.456,0.135,0.0,46.0,46.36,0.48000000000000004,0,0,46
0.699,0.915,114.481,0.0776,0.85,0.32,0.0,78.0,78.12,0.3249615361854384,0,0,78
0.771,0.655,154.72,0.056,0.524,0.13,0.0,42.0,41.84,0.5425863986500215,0,0,41
0.671,0.738,114.902,0.0532,0.75,0.108,0.0,8.0,8.4,1.6492422502470643,0,0,6
0.627,0.346,164.869,0.0272,0.689,0.0499,0.0,50.0,50.08,0.2712931993250107,0,0,50
0.468,0.0677,119.98,0.0324,0.796,0.118,0.0,70.0,70.4,0.4898979485566356,0,0,70
0.855,0.276,155.892,0.31,0.64,0.0815,0.0,46.0,45.6,0.48989794855663565,0,0,45
0.956,0.0753,151.0,0.0742,0.703,0.263,0.0,43.0,42.68,0.5455272678794343,0,0,42
0.711,0.375,110.012,0.078,0.727,0.158,0.0,75.0,75.0,0.0,0,0,75
0.839,0.642,169.96,0.224,0.654,0.279,0.0,34.0,34.4,0.48989794855663565,0,0,34
0.62,0.796,120.042,0.0472,0.857,0.0934,0.0,59.0,59.32,0.466476151587624,0,0,59
0.546,0.623,107.021,0.0357,0.651,0.0842,0.0,63.0,63.0,0.0,0,0,63
0.896,0.215,147.991,0.0644,0.663,0.303,0.0,44.0,44.36,0.48000000000000004,0,0,44
0.868,0.72,124.994,0.0431,0.708,0.122,0.0,59.0,59.32,0.466476151587624,0,0,59
0.716,0.627,100.104,0.0929,0.79,0.213,0.0,73.0,73.4,0.4898979485566356,0,0,73
0.811,0.556,122.007,0.0397,0.722,0.0356,0.0,38.0,38.4,0.48989794855663565,0,0,38
0.673,0.138,77.002,0.0298,0.584,0.121,0.0,81.0,80.92,0.2712931993250107,0,0,81
0.955,0.378,143.027,0.0449,0.627,0.146,0.0,43.0,43.0,0.0,0,0,43
0.574,0.592,153.938,0.322,0.635,0.126,0.0,78.0,78.5,1.6583123951777,0,0,76
0.588,0.237,120.035,0.0405,0.726,0.141,0.0,43.0,43.0,0.0,0,0,43
0.339,0.457,97.989,0.0278,0.705,0.12,0.0,64.0,64.25925925925925,3.0803149501380367,0,0,59
0.823,0.458,124.964,0.0547,0.692,0.134,0.0,79.0,78.6470588235294,0.6809315825170721,-1,0,78
0.699,0.823,75.161,0.12,0.747,0.147,0.0,44.0,44.0,0.0,0,0,44
0.269,0.304,91.608,0.0297,0.354,0.0872,0.0,74.0,74.44,0.4963869458396343,0,0,75
0.839,0.55,150.061,0.0727,0.749,0.142,0.0,42.0,42.24,0.4270831300812525,0,0,42
0.406,0.755,122.658,0.0662,0.813,0.0757,0.0,52.0,51.56,0.4963869458396343,0,0,52
0.051,0.102,102.711,0.0373,0.438,0.113,0.0,76.0,76.0,0.0,0,0,76
0.9,0.458,75.008,0.1,0.635,0.092,0.0,40.0,40.32,0.466476151587624,0,0,40
0.806,0.505,185.999,0.0625,0.642,0.0734,0.0,43.0,43.48,0.49959983987187184,0,0,44
0.512,0.435,96.02,0.066,0.803,0.0928,0.0,78.0,78.4,0.4898979485566356,0,0,78
0.214,0.292,98.105,0.0335,0.411,0.111,0.0,40.0,39.6,0.48989794855663565,0,0,40
0.821,0.353,140.082,0.149,0.669,0.728,0.0,37.0,37.4,0.48989794855663565,0,0,37
0.16,0.133,136.01,0.0315,0.557,0.0996,0.013513513513513514,74.0,74.125,0.33071891388307384,1,1,75
0.909,0.576,160.347,0.0825,0.49,0.216,0.0,41.0,41.16,0.36660605559646725,0,0,41
0.908,0.227,149.975,0.0992,0.656,0.112,0.0,45.0,45.0,0.0,0,0,45
0.727,0.418,125.023,0.0441,0.66,0.524,0.0,75.0,74.96,0.19595917942265423,0,0,75
0.308,0.121,113.95,0.0321,0.504,0.158,0.0,88.0,87.96,0.19595917942265423,0,0,88
0.906,0.62,155.018,0.0592,0.652,0.162,0.0,41.0,40.72,0.448998886412873,0,0,40
0.8,0.629,100.011,0.0399,0.706,0.0822,0.0,85.0,85.12,0.3249615361854384,0,0,85
0.539,0.253,158.105,0.0561,0.65,0.114,0.0,68.0,68.4,0.4898979485566356,0,0,68
0.769,0.518,94.961,0.067,0.716,0.0908,0.0,43.0,43.4,0.48989794855663565,0,0,43
0.417,0.479,67.528,0.0256,0.464,0.0974,0.0,90.0,90.0,0.0,0,0,90
0.915,0.218,149.843,0.146,0.573,0.289,0.0,39.0,39.4,0.48989794855663565,0,0,39
0.642,0.488,123.128,0.0403,0.533,0.238,0.0,78.0,77.84,0.36660605559646725,0,0,78
0.677,0.195,106.414,0.0665,0.551,0.381,0.0,76.0,76.0,0.0,0,0,76
0.723,0.624,91.97,0.0547,0.762,0.0729,0.0,39.0,39.04,0.19595917942265426,0,0,39
0.554,0.259,150.11,0.03,0.365,0.125,0.0,81.0,81.0,0.0,0,0,81
0.805,0.151,119.997,0.0506,0.63,0.0988,0.0,39.0,38.76,0.4270831300812525,0,0,38
0.67,0.84,109.001,0.079,0.9,0.0629,0.0,73.0,72.84,0.36660605559646725,0,0,73
0.88,0.808,129.994,0.0999,0.631,0.0639,0.0,12.0,12.08,2.171082679217906,0,0,9
0.789,0.773,75.07,0.239,0.672,0.15,0.0,41.0,41.4,0.48989794855663565,0,0,42
0.679,0.544,127.002,0.0315,0.773,0.297,0.0,72.0,72.28,0.448998886412873,0,0,72
0.661,0.485,80.801,0.0723,0.696,0.109,0.0,40.0,40.44,0.4963869458396343,0,0,41
0.578,0.627,136.966,0.0582,0.822,0.11,0.0,26.0,25.52,0.8997777503361594,0,0,24
0.727,0.904,115.042,0.107,0.765,0.0927,0.0,30.0,30.28,0.448998886412873,0,0,30
0.409,0.363,98.357,0.0533,0.436,0.38,0.0,67.0,67.12,0.3249615361854384,0,0,68
0.863,0.445,97.065,0.0466,0.521,0.593,-0.06666666666666667,19.0,18.76,2.8323841547360766,-1,0,14
0.651,0.652,123.975,0.0714,0.734,0.493,0.0,41.0,41.2,0.7483314773547883,0,0,42
0.841,0.402,125.991,0.0567,0.728,0.106,0.0,26.0,26.0,0.0,0,0,26
0.399,0.633,117.979,0.151,0.943,0.107,0.0,30.0,30.2,0.39999999999999997,0,0,30
0.537,0.199,140.133,0.0817,0.636,0.113,0.0,70.0,69.72,0.448998886412873,0,0,70
0.674,0.392,123.026,0.097,0.75,0.122,0.0,75.0,75.32,0.46647615158762407,0,0,75
0.79,0.32,123.745,0.0991,0.617,0.0686,0.0,42.0,42.44,0.4963869458396343,0,0,43
0.643,0.472,103.842,0.0252,0.633,0.78,0.0,78.0,77.64,0.48000000000000004,0,0,78
0.763,0.462,169.938,0.0672,0.517,0.41,0.0,40.0,40.0,0.0,0,0,40
0.134,0.163,80.04,0.035,0.612,0.102,0.0,63.0,63.48,0.49959983987187184,0,0,64
0.648,0.8,93.0,0.0548,0.635,0.198,0.0,76.0,75.84,0.36660605559646725,0,0,76
0.837,0.457,141.982,0.0448,0.657,0.14,0.0,37.0,37.4,0.48989794855663565,0,0,37
0.782,0.577,130.004,0.252,0.966,0.263,0.0,3.0,3.0,0.0,0,0,3
0.879,0.426,145.985,0.152,0.725,0.233,0.0,42.0,41.96,0.19595917942265426,0,0,42
0.084,0.111,79.449,0.0317,0.391,0.0983,0.0,85.0,85.08,0.2712931993250107,0,0,85
0.911,0.0638,131.977,0.095,0.685,0.119,0.0,40.0,40.0,0.0,0,0,40
0.91,0.228,127.944,0.0308,0.602,0.12,0.0,81.0,81.36,0.48000000000000004,0,0,81
0.629,0.182,160.03,0.0438,0.429,0.0701,0.0,36.0,36.8,0.938083151964686,0,0,38
0.366,0.237,129.96,0.028,0.566,0.155,0.0,86.0,86.0,0.0,0,0,86
0.876,0.964,129.998,0.0352,0.671,0.0823,0.0,76.0,75.66666666666667,0.4714045207910316,0,0,75
0.809,0.857,132.962,0.05,0.696,0.248,0.0,72.0,72.0,0.0,0,0,72
0.634,0.465,168.049,0.405,0.678,0.167,0.0,39.0,39.0,0.0,0,0,39
0.564,0.435,145.071,0.0705,0.771,0.0914,0.0,31.0,31.28,0.448998886412873,0,0,31
0.677,0.752,92.038,0.0506,0.702,0.128,0.0,47.0,46.526315789473685,0.49930699897395464,0,0,46
0.566,0.74,109.966,0.035,0.777,0.211,0.0,35.0,35.32,0.835224520712844,0,0,37
0.559,0.62,78.558,0.0959,0.558,0.109,0.0,89.0,89.2,0.4,0,0,90
0.734,0.94,115.948,0.0427,0.898,0.0912,0.0,68.0,68.32,0.46647615158762407,0,0,68
0.921,0.0532,145.981,0.134,0.609,0.188,0.0,41.0,41.0,0.0,0,0,41
0.385,0.144,154.918,0.0313,0.454,0.0616,0.0,77.0,76.6,0.4898979485566356,0,0,77
0.58,0.962,119.336,0.0321,0.734,0.0298,0.0,79.0,79.0,0.0,0,0,79
0.88,0.358,148.081,0.134,0.647,0.121,0.0,41.0,41.24,0.4270831300812525,0,0,42
0.497,0.313,187.308,0.0371,0.216,0.111,0.0,80.0,79.96,0.19595917942265423,0,0,80
0.53,0.319,136.874,0.054,0.484,0.283,0.0,17.0,17.425925925925927,2.5283712503701308,0,0,21
0.867,0.433,150.02,0.0604,0.675,0.209,0.0,39.0,38.96,0.5276362383309168,0,0,40
0.65,0.507,106.719,0.0474,0.61,0.11,0.0,86.0,86.16,0.36660605559646725,0,0,86
0.845,0.537,145.966,0.0539,0.641,0.158,0.0,44.0,44.0,0.0,0,0,44
0.405,0.743,81.89,0.08,0.664,0.11,0.0,75.0,75.0,0.0,0,0,75
0.322,0.261,148.005,0.0292,0.516,0.215,0.0,80.0,80.0,0.0,0,0,80
0.876,0.22,75.041,0.365,0.633,0.11,0.0,34.0,33.523809523809526,0.49943278484292924,0,0,33
0.857,0.196,75.024,0.0687,0.423,0.105,0.0,72.0,72.48,0.4995998398718719,0,0,72
0.702,0.185,96.055,0.042,0.705,0.133,0.0,39.0,39.08,0.2712931993250107,0,0,39
0.831,0.668,175.015,0.182,0.636,0.272,0.0,72.0,72.0,0.0,0,0,72
0.669,0.278,124.98,0.0469,0.657,0.161,0.0,45.0,45.4,0.48989794855663565,0,0,45
0.634,0.49,178.037,0.426,0.637,0.149,0.0,52.0,52.4,0.48989794855663565,0,0,52
0.81,0.137,100.249,0.0604,0.472,0.166,0.0,39.0,38.96,0.19595917942265426,0,0,39
0.668,0.145,87.973,0.0467,0.573,0.109,0.0,82.0,82.0,0.0,0,0,82
0.348,0.349,66.337,0.0854,0.571,0.325,0.0,62.0,62.08,0.2712931993250107,0,0,62
0.828,0.398,125.857,0.125,0.608,0.247,0.0,55.0,54.96,0.19595917942265426,0,0,55
0.254,0.304,56.829,0.0589,0.516,0.189,0.0,79.0,78.8,0.4,0,0,78
0.296,0.335,128.364,0.0311,0.437,0.116,0.0,34.0,34.0,0.0,0,0,34
0.694,0.134,124.023,0.05,0.685,0.146,0.0,32.0,31.84,0.36660605559646725,0,0,32
0.642,0.494,121.981,0.0313,0.672,0.1,0.0,80.0,80.08,0.6881860213634101,0,0,79
0.848,0.501,156.322,0.443,0.513,0.38,0.0,35.0,35.08,0.2712931993250107,0,0,35
0.728,0.43,88.993,0.0351,0.644,0.161,0.0,77.0,77.0,0.0,0,0,77
0.564,0.289,150.0,0.0567,0.54,0.125,0.0,36.0,35.96,0.19595917942265426,0,0,36
0.769,0.234,158.083,0.265,0.652,0.0799,0.0,0.0,0.0,0.0,0,0,0
0.422,0.693,124.357,0.0678,0.573,0.102,0.0,76.0,76.4,0.4898979485566356,0,0,76
0.791,0.4,119.968,0.066,0.693,0.0785,0.0,35.0,35.4,0.48989794855663565,0,0,35
0.59,0.216,77.559,0.161,0.665,0.147,0.0,74.0,74.0,0.0,0,0,74
0.613,0.157,97.914,0.0522,0.716,0.0813,0.0,81.0,81.0,0.0,0,0,81
0.318,0.119,92.986,0.114,0.379,0.0949,0.0,30.0,29.84,0.36660605559646725,0,0,30
0.722,0.52,141.075,0.31,0.767,0.231,0.0,63.0,63.36,0.6248199740725324,0,0,65
0.645,0.18,75.1,0.074,0.6,0.0733,0.0,37.0,37.0,0.0,0,0,37
0.391,0.162,84.281,0.0528,0.36,0.129,0.0,74.0,74.0,0.0,0,0,74
0.742,0.25,96.107,0.114,0.538,0.0934,0.0,23.0,23.4,0.48989794855663565,0,0,24
0.415,0.235,116.003,0.0778,0.85,0.104,0.0,38.0,37.84,0.36660605559646725,0,0,38
0.719,0.889,136.79,0.0516,0.64,0.16,0.0,74.0,73.96,0.19595917942265423,0,0,74
0.455,0.367,107.055,0.0276,0.584,0.113,0.0,64.0,63.96,0.19595917942265426,0,0,64
0.56,0.219,120.128,0.051,0.688,0.337,0.0,34.0,34.31578947368421,0.46482951928041294,0,0,34
0.522,0.854,145.035,0.0703,0.834,0.0783,0.0,80.0,79.92,0.2712931993250107,0,0,79
0.895,0.779,150.434,0.198,0.452,0.179,0.0,39.0,39.0,0.0,0,0,39
0.845,0.775,110.056,0.048,0.671,0.329,0.0,80.0,79.84,0.36660605559646725,0,0,80
0.516,0.318,78.086,0.0337,0.55,0.0833,0.0,37.0,37.0,0.0,0,0,37
0.748,0.154,130.056,0.0771,0.7,0.104,0.0,65.5,65.5,0.5,0,0,65
0.649,0.372,146.175,0.0713,0.64,0.517,0.0,49.0,49.0,0.0,0,0,49
0.366,0.0841,129.923,0.0368,0.577,0.137,0.0,73.0,73.0,0.0,0,0,73
0.551,0.392,143.008,0.132,0.559,0.11,0.0,86.0,85.52,0.4995998398718719,0,0,86
0.925,0.927,146.257,0.208,0.777,0.148,0.0,34.0,34.4,0.48989794855663565,0,0,34
0.895,0.817,146.994,0.19,0.601,0.295,0.0,1.0,1.0,0.0,0,0,1
0.689,0.642,115.042,0.141,0.78,0.0698,0.0,74.0,74.08,0.2712931993250107,0,0,74
0.503,0.447,82.253,0.0522,0.507,0.322,0.0,40.0,40.0,0.0,0,0,40
0.525,0.507,133.63,0.0616,0.586,0.134,0.0,78.0,78.0,0.0,0,0,78
0.639,0.518,169.985,0.0684,0.563,0.446,0.0,9.0,9.592592592592593,1.5216769321610475,0,0,7
0.503,0.381,99.97,0.0626,0.792,0.0959,0.0,69.0,68.6,0.4898979485566356,0,0,68
0.678,0.264,110.023,0.0406,0.738,0.272,0.0,40.0,40.25,0.4330127018922193,0,0,40
0.387,0.398,123.969,0.0367,0.739,0.0926,0.0,39.0,39.04,0.19595917942265426,0,0,39
0.745,0.53,122.06,0.0399,0.842,0.118,0.0,77.0,77.0,0.0,0,0,77
0.586,0.119,68.156,0.031,0.382,0.167,0.0,62.0,61.84,0.36660605559646725,0,0,62
0.488,0.491,165.466,0.0559,0.611,0.0835,0.0,25.0,25.48,0.49959983987187184,0,0,26
0.22,0.57,155.017,0.0377,0.448,0.364,0.0,38.0,37.96,0.19595917942265426,0,0,38
0.562,0.186,120.208,0.0743,0.351,0.456,0.0,0.0,0.0,0.0,0,0,0
0.792,0.594,163.944,0.0756,0.609,0.136,0.0,36.0,36.0,0.0,0,0,36
0.409,0.376,138.419,0.101,0.485,0.103,0.0,86.0,85.8,0.4,0,0,86
0.541,0.634,89.551,0.188,0.47,0.4,0.0,32.0,32.0,0.0,0,0,32
0.55,0.196,131.969,0.034,0.556,0.321,0.0,0.0,0.0,0.0,0,0,0
0.8,0.218,133.953,0.0309,0.677,0.136,0.0,32.0,32.36,0.48000000000000004,0,0,32
0.669,0.44,183.441,0.125,0.444,0.124,0.0,59.0,59.0,0.0,0,0,59
0.348,0.899,130.117,0.515,0.863,0.11,0.0,2.0,2.15,0.9630680142129111,0,0,1
0.209,0.458,90.733,0.0392,0.444,0.171,0.0,34.0,34.04,0.19595917942265426,0,0,34
0.594,0.143,94.473,0.0316,0.511,0.249,0.0,1.0,1.0,0.0,0,0,1
0.15,0.468,129.328,0.041,0.549,0.0889,0.0,36.0,36.0,0.0,0,0,36
0.236,0.119,140.214,0.0379,0.412,0.147,0.0,81.0,81.0,0.0,0,0,81
0.495,0.367,141.792,0.0579,0.534,0.22,0.0,36.0,36.45,0.4974937185533099,0,0,36
0.623,0.775,130.037,0.0992,0.919,0.0609,0.0,71.0,71.0,0.0,0,0,71
0.633,0.17,128.041,0.137,0.806,0.234,0.0,0.0,0.20833333333333334,0.4061164310337068,0,0,0
0.9,0.561,130.02,0.0447,0.466,0.103,0.0,71.5,71.79166666666667,3.054766312211496,-1,0,65
0.912,0.68,127.87,0.114,0.578,0.273,0.0,79.0,78.91666666666667,0.8122328620674137,-1,0,77
0.482,0.656,89.999,0.0435,0.726,0.137,0.0,29.0,29.291666666666668,0.4545296714431547,-1,0,28
0.626,0.912,184.009,0.306,0.69,0.0881,0.0,25.0,24.833333333333332,0.3726779962499649,1,0,25
0.839,0.465,143.969,0.0377,0.572,0.522,0.0,73.0,73.31481481481481,0.4644420816290538,0,0,74
0.53,0.177,117.983,0.0351,0.636,0.113,0.0,34.0,34.16,0.36660605559646725,0,0,34
0.707,0.197,139.98,0.258,0.773,0.305,0.0,37.0,37.0,0.0,0,0,37
0.537,0.131,122.769,0.04,0.445,0.0944,0.0,86.0,86.0,0.0,0,0,86
0.52,0.0862,75.047,0.0959,0.762,0.114,0.0,65.0,65.44,0.4963869458396343,0,0,66
0.582,0.0763,120.333,0.0663,0.503,0.131,0.0,40.0,39.96,0.19595917942265426,0,0,40
0.611,0.0899,185.727,0.0467,0.41,0.116,0.0,74.0,74.24137931034483,0.42791978089623645,0,0,74
0.84,0.796,117.982,0.0324,0.729,0.0721,0.0,38.0,38.416666666666664,0.4930066485916347,-1,0,38
0.271,0.0676,109.973,0.0309,0.623,0.0909,0.0,28.0,28.0,0.0,0,0,28
0.671,0.786,130.027,0.0336,0.719,0.12,0.0,70.0,69.84,0.36660605559646725,0,0,70
0.664,0.132,123.948,0.162,0.526,0.494,0.0,27.0,26.583333333333332,0.4930066485916347,-1,0,26
0.528,0.151,139.266,0.0887,0.43,0.428,0.0,32.0,32.0,0.0,0,0,32
0.854,0.387,82.012,0.0567,0.554,0.554,0.0,59.0,59.0,0.0,0,0,59
0.896,0.625,145.005,0.171,0.672,0.301,0.0,37.0,37.0,0.0,0,0,37
0.669,0.503,75.995,0.0377,0.578,0.13,0.0,0.0,0.0,0.0,0,0,0
0.976,0.496,138.025,0.155,0.678,0.107,0.0,28.0,28.0,0.0,0,0,28
0.866,0.248,140.266,0.0568,0.526,0.0945,0.0,84.0,84.0,0.0,0,0,84
0.743,0.343,129.984,0.0982,0.572,0.093,0.0,35.0,34.76,0.6499230723708769,0,0,34
0.689,0.201,111.955,0.126,0.596,0.3,0.0,39.0,39.0,0.0,0,0,39
0.593,0.174,134.165,0.0356,0.461,0.307,0.0,83.0,82.96,0.19595917942265423,0,0,83
0.626,0.862,82.488,0.0805,0.731,0.183,0.0,0.0,0.0,0.0,0,0,0
0.788,0.184,104.985,0.0357,0.714,0.136,0.0,44.0,44.32,0.46647615158762407,0,0,45
0.534,0.193,135.917,0.0386,0.615,0.0607,0.0,82.0,82.08,0.2712931993250107,0,0,82
0.794,0.25,159.993,0.613,0.757,0.105,0.0,0.0,0.0,0.0,0,0,0
0.216,0.504,79.109,0.0721,0.555,0.109,0.0,84.0,84.04,0.19595917942265423,0,0,84
0.789,0.866,116.985,0.059,0.744,0.0947,0.0,81.0,80.88,0.8634813257969162,0,0,82
0.733,0.834,129.98,0.0409,0.769,0.143,0.0,39.0,38.52,0.49959983987187184,0,0,39
0.768,0.378,107.588,0.201,0.435,0.0918,0.0,70.0,69.84,0.36660605559646725,0,0,70
0.655,0.949,130.759,0.0395,0.771,0.168,0.0,28.0,28.4,0.48989794855663565,0,0,29
0.694,0.826,123.508,0.0335,0.791,0.0958,0.0,85.0,85.04,0.19595917942265423,0,0,85
0.622,0.457,143.533,0.0593,0.535,0.402,0.0,77.0,77.4,0.4898979485566356,0,0,77
0.572,0.262,161.997,0.202,0.584,0.462,0.0,34.0,33.84,0.36660605559646725,0,0,34
0.646,0.295,115.842,0.0427,0.645,0.074,0.0,86.0,86.12,0.3249615361854384,0,0,86
0.306,0.915,110.989,0.0821,0.795,0.108,0.0,51.0,50.629629629629626,0.9868824144054983,1,0,51
0.632,0.542,166.093,0.349,0.681,0.115,0.0,42.0,42.0,0.0,0,0,42
0.798,0.0616,127.943,0.0365,0.515,0.377,0.0,24.0,24.681818181818183,1.061147048175341,0,0,23
0.756,0.575,159.914,0.0496,0.477,0.0892,0.0,14.0,12.76923076923077,5.017720079169364,1,0,18
0.856,0.473,74.875,0.344,0.683,0.292,-0.02857142857142857,36.0,35.86363636363637,0.7565144080496927,-1,0,34
0.946,0.429,155.033,0.119,0.665,0.117,0.0,39.0,39.09090909090909,0.4165977904505309,0,0,39
0.928,0.271,123.033,0.0546,0.683,0.71,-0.029411764705882353,35.0,35.27272727272727,1.212878551284212,-1,0,33
0.723,0.448,150.027,0.172,0.698,0.208,0.0,42.0,42.40909090909091,1.1143318792846604,0,0,41
0.913,0.384,126.042,0.0868,0.84,0.0834,0.0,35.0,35.45454545454545,1.2694763676153582,0,0,34
0.922,0.95,128.0,0.0525,0.806,0.352,0.0,17.0,16.772727272727273,0.6695872664843743,0,0,15
0.823,0.651,123.01,0.0649,0.807,0.0724,0.0,15.0,14.772727272727273,0.7343406555183414,0,0,14
0.946,0.686,125.003,0.0601,0.645,0.21,0.0,15.0,15.545454545454545,0.9403709484353273,0,0,18
0.724,0.115,75.758,0.0425,0.157,0.112,-0.045454545454545456,24.0,24.318181818181817,2.0312639065003935,-1,0,21
0.754,0.199,94.964,0.0352,0.522,0.0767,-0.034482758620689655,30.0,30.318181818181817,1.0174104220726996,-1,0,28
0.828,0.133,113.811,0.154,0.575,0.189,0.012658227848101266,78.0,72.6875,18.870342968531336,1,1,80
0.823,0.451,93.979,0.0443,0.679,0.315,0.0,41.0,41.32,0.46647615158762407,0,0,42
0.929,0.385,122.979,0.0744,0.633,0.144,0.0,36.0,34.69565217391305,2.155574827172268,0,0,36
0.722,0.57,119.973,0.0507,0.769,0.111,0.0,92.0,91.82692307692308,0.37831376101742303,0,0,92
0.292,0.155,82.811,0.0259,0.416,0.108,0.014492753623188406,64.0,56.142857142857146,13.227985176765761,1,1,71
0.789,0.866,116.985,0.059,0.744,0.0947,0.0,72.0,71.72413793103448,2.7404574463869693,0,0,67
0.421,0.524,98.224,0.0285,0.537,0.138,0.0,80.0,80.06896551724138,0.2533954906327425,0,0,80
0.525,0.502,66.9,0.0671,0.531,0.441,0.0,73.0,73.06896551724138,0.2533954906327425,0,0,73
0.353,0.503,137.66,0.105,0.726,0.224,0.0,72.0,72.0,0.0,0,0,72
0.62,0.459,144.835,0.0375,0.62,0.129,0.0,55.0,55.41379310344828,0.4925123054167483,0,0,55
0.64,0.143,173.999,0.0475,0.592,0.14,0.0,43.0,43.41379310344828,0.4925123054167483,0,0,43
0.736,0.343,100.0,0.027,0.504,0.15,0.0,16.0,16.24137931034483,0.42791978089623645,0,0,16
0.494,0.7,168.946,0.0355,0.686,0.402,0.0,81.0,80.82758620689656,0.377739694831149,0,0,81
0.912,0.616,127.023,0.223,0.81,0.719,0.0,36.0,36.275862068965516,0.4469476343729558,0,0,36
0.822,0.886,119.984,0.0358,0.737,0.0992,0.0,30.0,30.413793103448278,0.4925123054167483,0,0,30
0.746,0.688,203.835,0.0846,0.437,0.37,-0.07142857142857142,17.0,16.82758620689655,1.9664244730183797,-1,0,13
0.626,0.508,130.072,0.0608,0.7,0.106,0.0,24.0,24.551724137931036,0.7233164470138976,0,0,26
0.527,0.783,96.023,0.0396,0.807,0.075,0.0,0.0,0.0,0.0,0,0,0
0.46,0.677,112.555,0.0359,0.89,0.11,0.0,59.0,58.89655172413793,0.30454347814923605,0,0,58
0.806,0.526,116.932,0.124,0.518,0.0853,0.0,12.0,12.0,0.0,0,0,12
0.479,0.213,166.159,0.0308,0.4,0.115,0.0,81.0,81.0,0.0,0,0,81
0.556,0.517,167.018,0.0592,0.586,0.0836,0.0,61.0,61.0,0.0,0,0,61
0.544,0.216,132.052,0.0299,0.571,0.322,0.0,85.0,85.0,0.0,0,0,85
0.922,0.964,133.113,0.0338,0.719,0.0867,0.014925373134328358,67.0,67.48275862068965,0.49970264642032547,1,1,68
0.547,0.197,108.375,0.055,0.629,0.0604,0.0,8.0,8.206896551724139,0.4050806939472666,0,0,8
0.715,0.497,155.925,0.0362,0.315,0.0942,0.0,87.0,87.0,0.0,0,0,87
0.438,0.325,128.983,0.0553,0.424,0.0837,0.0,1.0,1.3793103448275863,0.48521542343000995,0,0,2
0.817,0.506,109.952,0.0335,0.506,0.0486,0.0,77.0,77.37931034482759,0.48521542343001,0,0,77
0.764,0.621,120.23,0.0767,0.456,0.118,0.0,12.0,12.275862068965518,0.4469476343729558,0,0,12
0.418,0.966,149.737,0.0978,0.805,0.288,0.0,62.0,61.96551724137931,0.18246560765962694,0,0,62
0.428,0.334,98.222,0.135,0.68,0.355,0.013888888888888888,72.0,72.03448275862068,0.18246560765962694,1,1,73
0.793,0.424,112.944,0.0679,0.618,0.149,0.0,0.0,0.0,0.0,0,0,0
0.509,0.727,119.869,0.062,0.898,0.0876,0.0,74.0,73.82758620689656,0.377739694831149,0,0,74
0.603,0.497,123.061,0.226,0.913,0.167,0.0,81.0,81.0,0.0,0,0,81
0.563,0.324,106.998,0.102,0.905,0.113,0.0,28.0,27.79310344827586,0.4050806939472666,0,0,28
0.671,0.872,161.768,0.0422,0.608,0.0849,0.0,0.0,0.0,0.0,0,0,0
0.848,0.684,106.032,0.115,0.815,0.0265,0.0,6.0,6.103448275862069,0.3045434781492361,0,0,7
0.54,0.3,78.007,0.0528,0.362,0.139,0.0,75.0,75.0,0.0,0,0,75
0.712,0.389,114.97,0.0436,0.601,0.461,0.0,67.0,67.0,0.0,0,0,67
0.568,0.37,93.986,0.03,0.575,0.286,0.0,84.0,84.0,0.0,0,0,84
0.633,0.375,110.005,0.0419,0.706,0.175,0.0,64.0,64.0,0.0,0,0,64
0.04,0.249,135.965,0.0322,0.44,0.111,0.0,77.0,76.82758620689656,0.377739694831149,0,0,77
0.648,0.9,125.035,0.0633,0.869,0.126,0.0,75.0,75.20689655172414,0.6090869562984721,0,0,74
0.883,0.978,136.506,0.0329,0.742,0.0964,0.0,70.0,70.0,0.0,0,0,70
0.652,0.172,70.956,0.0931,0.348,0.33,0.0,66.0,66.0,0.0,0,0,66
0.545,0.212,118.029,0.168,0.798,0.258,0.0,71.0,71.41379310344827,0.49251230541674823,0,0,71
0.857,0.856,111.647,0.0632,0.463,0.184,0.0,79.0,78.93103448275862,0.2533954906327425,0,0,79
0.599,0.127,161.74,0.0365,0.334,0.205,0.0,69.0,68.58620689655173,0.49251230541674823,0,0,69
0.671,0.699,110.054,0.0337,0.717,0.0921,0.0,68.0,68.10344827586206,0.30454347814923616,0,0,68
0.832,0.979,125.926,0.0298,0.697,0.269,0.0,73.0,72.75862068965517,0.42791978089623645,0,0,72
0.801,0.59,84.019,0.0566,0.718,0.367,0.0,39.0,39.0,0.0,0,0,39
0.703,0.673,106.164,0.0379,0.601,0.571,0.0,66.0,65.93103448275862,0.2533954906327425,0,0,66
0.466,0.499,120.045,0.0315,0.604,0.093,0.0,54.0,53.827586206896555,3.1521089329728103,0,0,48
0.648,0.466,75.977,0.0358,0.575,0.115,0.0,86.0,86.34482758620689,0.47531202593414557,0,0,86
0.941,0.407,179.626,0.0466,0.345,0.0511,0.0,84.0,84.0,0.0,0,0,84
0.829,0.505,139.198,0.0658,0.476,0.167,0.0,84.0,84.5576923076923,0.6909709316623723,0,0,84
0.742,0.909,175.943,0.0827,0.657,0.222,0.0,59.0,59.275862068965516,0.4469476343729558,0,0,59
0.482,0.33,136.803,0.0275,0.489,0.235,0.0,84.0,84.0,0.0,0,0,84
0.655,0.65,102.485,0.0431,0.787,0.138,0.0,64.0,64.44827586206897,0.4973174173053778,0,0,64
0.603,0.527,102.99,0.025,0.66,0.0751,0.0,72.0,71.96551724137932,0.6149156724181727,0,0,73
0.645,0.788,114.933,0.0601,0.882,0.057,0.0,88.0,87.77372262773723,0.4184207488457376,0,0,87
0.247,0.126,148.101,0.0431,0.467,0.17,0.0,92.0,92.03389830508475,0.5812348542197371,0,0,93
0.533,0.349,130.02,0.0351,0.645,0.2,0.0,76.0,75.96551724137932,0.18246560765962697,0,0,76
0.674,0.442,171.892,0.0389,0.499,0.0645,-0.012987012987012988,77.0,77.0,0.5222329678670935,-1,0,76
0.723,0.423,129.97,0.0564,0.615,0.386,0.0,76.0,75.57142857142857,0.4948716593053935,-1,0,75
0.501,0.635,92.032,0.0465,0.799,0.118,0.0,72.0,72.0,0.0,0,0,72
0.678,0.802,117.028,0.166,0.901,0.0334,0.0,74.0,74.37931034482759,0.48521542343001,0,0,74
0.986,0.744,144.958,0.0585,0.582,0.789,0.0,66.0,65.86206896551724,0.506790981265485,0,0,67
0.831,0.882,121.949,0.246,0.922,0.061,0.0,71.0,70.57142857142857,0.4948716593053935,-1,0,70
0.273,0.104,116.076,0.0351,0.244,0.124,0.0,77.0,77.0,0.0,0,0,77
0.727,0.676,94.99,0.0426,0.739,0.104,0.0,91.0,90.6,0.4898979485566356,0,0,90
0.652,0.456,120.908,0.125,0.774,0.0775,0.0,74.0,74.0,0.0,0,0,74
0.634,0.667,144.114,0.359,0.911,0.116,0.0,74.0,74.3913043478261,1.0524972553834961,0,0,73
0.854,0.941,91.505,0.0692,0.78,0.0363,-0.014084507042253521,71.0,70.85714285714286,0.3499271061118826,-1,0,70
0.892,0.755,119.967,0.312,0.844,0.75,0.0,66.5,66.5,0.5,-1,0,66
0.757,0.12,142.579,0.0355,0.482,0.143,0.0,88.0,88.0,0.0,0,0,88
0.406,0.755,122.658,0.0662,0.813,0.0757,0.0,72.0,72.34782608695652,0.4762804847871009,0,0,72
0.6,0.731,136.003,0.383,0.63,0.0988,-0.014705882352941176,68.0,67.83333333333333,0.3726779962499649,-1,0,67
0.994,0.904,140.042,0.0483,0.872,0.335,-0.02631578947368421,38.0,37.75,0.4330127018922193,-1,0,37
0.577,0.141,119.983,0.073,0.525,0.122,-0.045454545454545456,24.0,23.928571428571427,1.5795245991068558,-1,0,21
0.864,0.647,173.931,0.237,0.841,0.204,0.0,75.0,75.0,0.0,0,0,75
0.305,0.215,79.001,0.0741,0.335,0.101,0.0,76.0,75.78260869565217,0.7196932764020371,0,0,75
0.516,0.209,124.876,0.0444,0.689,0.163,0.0,80.0,79.78260869565217,0.8317881073786518,0,0,81
0.898,0.496,115.96,0.0592,0.788,0.114,0.0,79.0,79.42857142857143,0.4948716593053935,-1,0,78
0.785,0.478,73.091,0.0392,0.562,0.093,0.0,52.0,52.285714285714285,0.45175395145262554,-1,0,52
0.453,0.179,114.912,0.0396,0.562,0.235,0.0,5.0,5.586206896551724,1.7911129535476626,0,0,3
0.842,0.144,83.942,0.048,0.339,0.107,-0.014492753623188406,69.0,68.92857142857143,0.2575393768188564,-1,0,68
0.557,0.248,92.89,0.0311,0.377,0.163,0.0,79.0,79.26923076923077,0.7624702923691927,0,0,78
0.674,0.389,111.995,0.0959,0.756,0.158,0.0,80.0,80.03846153846153,0.19230769230769232,0,0,79
0.652,0.104,141.981,0.0561,0.47,0.175,0.0,83.0,83.07142857142857,0.2575393768188564,0,0,84
0.529,0.177,131.942,0.0354,0.575,0.0931,0.0,48.0,48.56,0.6974238309665078,0,0,50
0.74,0.183,118.008,0.0807,0.766,0.229,0.0,57.0,57.0,0.0,0,0,57
0.217,0.531,132.744,0.0434,0.507,0.0876,0.0,66.0,66.16666666666667,0.6871842709362769,1,0,67
0.732,0.49,80.769,0.0408,0.443,0.0675,0.0,62.0,61.51724137931034,0.4997026464203254,0,0,62
0.856,0.423,96.016,0.0374,0.6,0.28,0.0,65.0,64.61111111111111,2.2312317364470227,0,0,60
0.42,0.326,141.693,0.0997,0.522,0.137,0.0,74.0,74.86206896551724,1.0739594139584439,0,0,77
0.83,0.925,120.883,0.0413,0.757,0.0877,0.0,75.0,74.6896551724138,1.23465612344608,0,0,77
0.279,0.234,137.848,0.0263,0.521,0.109,0.0,75.5,75.34615384615384,0.7307692307692308,0,0,74
0.384,0.243,128.014,0.0273,0.6,0.0812,-0.045454545454545456,20.0,16.36842105263158,5.850870617319222,-1,0,22
0.749,0.841,134.971,0.0397,0.812,0.0599,0.0,78.0,78.37931034482759,0.48521542343001,0,0,78
0.733,0.578,130.099,0.0446,0.809,0.391,0.013333333333333334,75.0,75.1,0.3,1,1,76
0.729,0.246,127.028,0.176,0.88,0.185,0.01282051282051282,78.0,78.1,0.3,1,1,79
0.807,0.133,128.051,0.0388,0.441,0.143,-0.05,20.0,19.727272727272727,0.4453617714151233,-1,0,19
0.797,0.234,128.042,0.0467,0.542,0.241,0.0,19.0,19.363636363636363,0.4810456929208346,0,0,19
0.612,0.178,180.917,0.112,0.442,0.37,0.0,83.0,82.96,0.19595917942265423,0,0,83
0.411,0.34,131.008,0.0269,0.508,0.0571,0.0,84.0,83.76,0.5122499389946279,0,0,83
0.229,0.477,80.685,0.0455,0.492,0.225,0.0,41.0,41.24,0.5851495535331118,0,0,42
0.832,0.4,110.02,0.0484,0.599,0.215,0.0,68.0,68.0,0.0,0,0,68
0.788,0.55,79.993,0.0281,0.616,0.256,0.0,74.0,74.34482758620689,0.47531202593414557,0,0,74
0.586,0.147,125.845,0.172,0.731,0.0987,0.0,77.0,77.39285714285714,0.48838551182776224,0,0,77
0.748,0.236,111.776,0.0357,0.575,0.343,0.0,74.0,74.35185185185185,1.0212085688120174,0,0,76
0.902,0.608,129.963,0.0314,0.699,0.132,0.0,54.0,53.61538461538461,1.2427303401079624,0,0,55
0.603,0.339,135.151,0.0405,0.711,0.112,0.0,79.5,68.85,24.5097429607085,0,0,80
0.725,0.838,116.988,0.0432,0.894,0.0815,0.0,89.0,88.89655172413794,0.30454347814923616,0,0,89
0.787,0.672,109.939,0.116,0.734,0.312,0.0,82.0,82.13793103448276,0.5707912192154085,0,0,82
0.681,0.388,155.079,0.244,0.56,0.106,0.0,89.0,89.0,0.0,0,0,89
0.628,0.321,119.98,0.101,0.757,0.221,0.0,85.0,84.9322033898305,0.2513965588845988,0,0,85
0.692,0.396,139.923,0.0653,0.578,0.364,0.0,42.0,42.28,0.7222188034107115,0,0,43
0.941,0.124,119.783,0.0716,0.502,0.553,0.013333333333333334,74.0,74.47619047619048,0.522726152383337,1,1,76
0.842,0.643,169.745,0.348,0.517,0.158,0.0,84.0,84.34482758620689,0.6578891044254797,0,0,85
0.296,0.463,76.04,0.0426,0.558,0.108,0.0,59.0,59.0,0.0,0,0,59
0.827,0.506,97.515,0.0774,0.758,0.0946,0.0,57.0,56.75925925925926,0.4275331992820443,0,0,56
0.565,0.689,113.007,0.03,0.676,0.241,0.0,73.0,72.75862068965517,0.7725985000830373,0,0,74
0.652,0.625,97.032,0.0779,0.726,0.0905,0.0,78.0,78.0,0.0,0,0,78
0.343,0.143,116.008,0.0301,0.711,0.125,0.0,74.0,73.81818181818181,0.38569460791993493,0,0,74
0.826,0.648,145.825,0.0485,0.588,0.327,0.0,80.0,80.4423076923077,0.49666044500557527,0,0,80
0.855,0.32,80.121,0.0644,0.388,0.137,0.0,77.0,77.0909090909091,0.28747978728803447,0,0,78
0.659,0.102,92.823,0.0386,0.528,0.12,0.013333333333333334,75.0,75.04545454545455,0.20829889522526546,1,1,76
0.499,0.266,119.822,0.049,0.544,0.113,-0.03125,32.0,30.46153846153846,2.545444939657584,-1,0,31
0.591,0.282,105.0,0.0294,0.716,0.0713,0.0,27.0,26.192307692307693,2.057242941587128,0,0,28
0.486,0.417,92.057,0.0344,0.746,0.123,0.0,76.0,76.3103448275862,1.1478149639374648,0,0,78
0.783,0.939,149.027,0.26,0.777,0.355,0.0,97.0,96.98019801980197,1.2426432863158205,0,0,98
0.651,0.471,112.648,0.0784,0.694,0.0787,0.0,92.0,92.17241379310344,0.9123280382981347,0,0,93
0.563,0.489,105.087,0.0278,0.68,0.151,0.0,71.0,70.6896551724138,2.743059558807082,0,0,66
0.553,0.703,136.063,0.077,0.595,0.0808,0.0,50.0,50.36,3.057842376578623,0,0,45
0.77,0.487,80.009,0.0282,0.612,0.271,0.0,46.0,45.68,3.029455396601838,0,0,41
0.667,0.449,98.07,0.0859,0.788,0.173,0.0,26.0,26.12,0.5878775382679627,0,0,27
0.338,0.544,207.356,0.0357,0.257,0.252,0.0,77.0,76.93103448275862,0.2533954906327425,0,0,77
0.754,0.432,105.013,0.0372,0.796,0.0496,0.0,63.0,62.32142857142857,1.0019114385075383,0,0,63
0.665,0.199,117.055,0.0644,0.389,0.116,0.0,72.0,71.75,0.4330127018922193,0,0,72
0.902,0.736,126.006,0.0449,0.862,0.0803,0.014084507042253521,69.0,68.20689655172414,3.220401670651184,1,1,72
0.551,0.861,146.092,0.317,0.875,0.0537,0.0,73.0,73.03448275862068,2.552655934251276,0,0,76
0.92,0.793,110.449,0.0716,0.818,0.0879,0.0,82.0,82.21153846153847,0.7680279056813792,0,0,83
0.808,0.372,108.548,0.0368,0.554,0.159,0.0,91.0,90.36619718309859,2.9799302223597306,0,0,94
0.276,0.317,76.415,0.0324,0.379,0.09,0.0,60.0,60.148148148148145,2.620484881675367,0,0,64
0.917,0.501,100.987,0.117,0.562,0.488,0.0,85.0,84.37931034482759,2.3402592415113315,0,0,86
0.709,0.712,194.055,0.284,0.744,0.0847,0.0,81.0,80.62068965517241,2.917412565287927,0,0,84
0.843,0.746,122.064,0.0284,0.619,0.164,0.0,85.0,85.03448275862068,0.9642849278696248,0,0,86
0.77,0.47,82.157,0.242,0.38,0.243,0.0,82.0,81.15384615384616,1.4595127662315595,0,0,81
0.339,0.457,97.989,0.0278,0.705,0.12,0.0,82.0,82.61016949152543,0.9745394245061051,0,0,84
0.413,0.273,94.938,0.0254,0.494,0.193,0.0,92.0,92.24137931034483,0.7725985000830373,0,0,94
0.442,0.838,100.021,0.0575,0.776,0.0723,0.0,81.0,81.03448275862068,0.18246560765962697,0,0,81
0.655,0.39,129.89,0.0379,0.558,0.0854,0.0,76.0,75.52727272727273,1.332864931499,0,0,77
0.863,0.445,97.065,0.0466,0.521,0.593,0.0,73.0,73.36363636363636,0.4810456929208346,0,0,73
0.692,0.375,129.803,0.0453,0.507,0.151,0.0,71.0,71.0,0.0,0,0,71
0.625,0.825,94.983,0.0337,0.789,0.116,0.0,33.0,30.96,5.5532332924162295,0,0,35
0.876,0.149,148.921,0.0456,0.412,0.348,0.05555555555555555,13.0,11.727272727272727,5.569248506362401,1,1,20
0.659,0.506,127.347,0.0768,0.574,0.0921,0.0,84.0,78.65,18.374642853672015,0,0,86
0.532,0.636,110.99,0.102,0.843,0.0714,0.0,19.0,17.80952380952381,5.720631397211888,0,0,24
0.744,0.189,125.048,0.108,0.728,0.165,0.05,16.0,14.0,6.442049363362563,1,1,21
0.776,0.32,128.139,0.0978,0.548,0.146,0.0,13.0,11.35,5.350467269313962,0,0,18
0.792,0.0469,120.014,0.0377,0.644,0.0886,0.06666666666666667,11.0,10.35,4.746314359584709,1,1,16
0.52,0.277,145.979,0.0556,0.62,0.146,0.0,41.0,37.333333333333336,9.093866762737,0,0,44
0.424,0.381,112.576,0.0728,0.619,0.108,0.0,67.0,66.52380952380952,0.49943278484292936,0,0,67
0.788,0.798,149.999,0.035,0.573,0.287,0.0,25.0,21.80952380952381,8.572486707173782,0,0,30
0.717,0.205,107.994,0.0249,0.445,0.0831,0.0,18.0,15.142857142857142,6.468132241526726,0,0,21
0.73,0.429,158.381,0.157,0.3,0.101,0.0,46.0,44.35,3.771935842508459,0,0,47
0.692,0.454,116.959,0.0259,0.609,0.0864,0.0,85.0,85.0,0.0,0,0,85
0.698,0.599,115.013,0.0297,0.505,0.0966,0.0,82.0,81.42857142857143,1.256276757930754,0,0,84
0.555,0.191,96.063,0.039,0.392,0.13,0.0,86.0,85.5945945945946,1.1018279519264598,0,0,87
0.427,0.231,116.059,0.0549,0.463,0.0911,0.0,77.0,77.04761904761905,0.7221786137191952,0,0,78
0.818,0.361,97.571,0.102,0.373,0.434,0.0,87.0,87.0,0.0,0,0,87
0.558,0.573,140.789,0.0513,0.589,0.105,0.0,69.0,68.66666666666667,0.47140452079103173,0,0,69
0.555,0.534,102.005,0.044,0.86,0.0371,0.07142857142857142,17.0,17.666666666666668,7.399699693606191,1,1,32
0.838,0.386,160.075,0.0409,0.633,0.361,0.0,61.0,61.13333333333333,0.33993463423951903,0,0,62
0.737,0.438,144.925,0.0554,0.695,0.131,0.023255813953488372,40.0,35.06666666666667,9.882419856605074,1,1,44
0.386,0.661,125.017,0.168,0.857,0.111,0.0,79.0,79.0,0.0,0,0,79
0.773,0.504,129.923,0.0345,0.681,0.0978,0.0,80.0,79.83333333333333,0.372677996249965,0,0,80
0.502,0.162,80.915,0.0361,0.351,0.113,0.0,25.0,25.2,0.4,0,0,26
0.358,0.276,95.169,0.0305,0.572,0.0997,0.014492753623188406,68.0,68.23076923076923,0.9730085108210399,1,1,70
0.701,0.29,84.899,0.0463,0.475,0.127,0.0,70.0,69.53846153846153,3.875274374710769,0,0,74
0.684,0.68,166.976,0.359,0.832,0.229,0.0,78.0,77.6923076923077,0.910166120476864,0,0,79
0.704,0.221,136.975,0.043,0.676,0.12,0.0,66.0,66.23076923076923,2.9911110915728587,0,0,71
0.806,0.587,104.032,0.0486,0.608,0.191,0.012345679012345678,77.0,63.54545454545455,30.106971818270193,1,1,82
0.712,0.692,91.98,0.0981,0.848,0.106,0.011904761904761904,83.0,82.72727272727273,1.4826824027545538,1,1,85
0.553,0.112,101.285,0.0571,0.564,0.361,0.030303030303030304,27.5,24.75,8.437268515343103,1,1,35
0.377,0.135,175.43,0.0317,0.288,0.101,0.09722222222222222,36.0,37.75,37.8310388437854,1,1,79
0.812,0.664,80.09,0.461,0.505,0.444,0.011363636363636364,88.0,88.08333333333333,0.2763853991962833,1,1,89
0.563,0.343,105.008,0.204,0.833,0.139,0.0,83.5,83.25,0.82915619758885,0,0,86
0.691,0.703,167.029,0.363,0.836,0.282,0.0,71.0,71.11111111111111,0.7370277311900889,0,0,72
0.711,0.317,146.921,0.0322,0.487,0.152,0.0,85.5,85.5,0.5,0,0,86
0.741,0.696,116.97,0.0321,0.802,0.206,0.0,70.0,70.0,0.0,0,0,69
0.631,0.382,85.262,0.0465,0.328,0.567,0.0,83.0,83.0,0.0,0,0,83
0.501,0.848,119.953,0.0466,0.871,0.0939,0.0,50.0,50.0,0.0,0,0,51
0.672,0.711,103.921,0.198,0.874,0.0783,0.037037037037037035,82.5,82.5,1.5,0,1,84
0.604,0.374,88.0,0.0962,0.678,0.278,0.0,59.0,59.0,0.0,0,0,70
0.822,0.327,120.498,0.104,0.376,0.0841,0.0,,,,0,0,68
0.542,0.0771,120.134,0.0392,0.666,0.0765,0.0,,,,0,0,81
0.494,0.175,163.669,0.037,0.296,0.108,0.0,,,,0,0,65
0.158,0.0398,124.567,0.0481,0.394,0.109,0.0,,,,0,0,65
